1	И	_	_	_	_	_	_	_	@pn1988m-words1#@pn1988m#00:06:10.000#00:06:10.404
2	собственно	_	_	_	_	_	_	_	@pn1988m-words1#@pn1988m#00:06:10.404#00:06:10.808
3	исследователи	_	_	_	_	_	_	_	@pn1988m-words1#@pn1988m#00:06:10.808#00:06:11.212
4	личности	_	_	_	_	_	_	_	@pn1988m-words1#@pn1988m#00:06:11.212#00:06:11.616
5	Лимонова	_	_	_	_	_	_	_	@pn1988m-words1#@pn1988m#00:06:11.616#00:06:12.020
6	как	_	_	_	_	_	_	_	@pn1988m-words1#@pn1988m#00:06:12.020#00:06:12.424
7	политического	_	_	_	_	_	_	_	@pn1988m-words1#@pn1988m#00:06:12.424#00:06:12.828
8	актора	_	_	_	_	_	_	_	@pn1988m-words1#@pn1988m#00:06:12.828#00:06:13.232
9	говорят	_	_	_	_	_	_	_	@pn1988m-words1#@pn1988m#00:06:13.232#00:06:13.636
10	/	_	_	_	_	_	_	_	@pn1988m-words1#@pn1988m#00:06:13.636#00:06:14.040
11	что	_	_	_	_	_	_	_	@pn1988m-words1#@pn1988m#00:06:14.040#00:06:14.444
12	надо	_	_	_	_	_	_	_	@pn1988m-words1#@pn1988m#00:06:14.444#00:06:14.848
13	отсчитывать	_	_	_	_	_	_	_	@pn1988m-words1#@pn1988m#00:06:14.848#00:06:15.252
14	его	_	_	_	_	_	_	_	@pn1988m-words1#@pn1988m#00:06:15.252#00:06:15.656
15	политическое	_	_	_	_	_	_	_	@pn1988m-words1#@pn1988m#00:06:15.656#00:06:16.060
16	становление	_	_	_	_	_	_	_	@pn1988m-words1#@pn1988m#00:06:16.060#00:06:16.464
17	и	_	_	_	_	_	_	_	@pn1988m-words1#@pn1988m#00:06:16.464#00:06:16.868
18	какое-то	_	_	_	_	_	_	_	@pn1988m-words1#@pn1988m#00:06:16.868#00:06:17.272
19	идеологическое	_	_	_	_	_	_	_	@pn1988m-words1#@pn1988m#00:06:17.272#00:06:17.676
20	становление	_	_	_	_	_	_	_	@pn1988m-words1#@pn1988m#00:06:17.676#00:06:18.080
21	с	_	_	_	_	_	_	_	@pn1988m-words1#@pn1988m#00:06:18.080#00:06:18.484
22	восемьдесят	_	_	_	_	_	_	_	@pn1988m-words1#@pn1988m#00:06:18.484#00:06:18.888
23	пятого	_	_	_	_	_	_	_	@pn1988m-words1#@pn1988m#00:06:18.888#00:06:19.292
24	года	_	_	_	_	_	_	_	@pn1988m-words1#@pn1988m#00:06:19.292#00:06:19.696
25	с	_	_	_	_	_	_	_	@pn1988m-words1#@pn1988m#00:06:19.696#00:06:20.100
26	Перестройки	_	_	_	_	_	_	_	@pn1988m-words1#@pn1988m#00:06:20.100#00:06:20.504
27	/	_	_	_	_	_	_	_	@pn1988m-words1#@pn1988m#00:06:20.504#00:06:20.908
28	он	_	_	_	_	_	_	_	@pn1988m-words1#@pn1988m#00:06:20.908#00:06:21.312
29	сам	_	_	_	_	_	_	_	@pn1988m-words1#@pn1988m#00:06:21.312#00:06:21.716
30	писал	_	_	_	_	_	_	_	@pn1988m-words1#@pn1988m#00:06:21.716#00:06:22.120
31	в	_	_	_	_	_	_	_	@pn1988m-words1#@pn1988m#00:06:22.120#00:06:22.524
32	/	_	_	_	_	_	_	_	@pn1988m-words1#@pn1988m#00:06:22.524#00:06:22.928
33	нескольких	_	_	_	_	_	_	_	@pn1988m-words1#@pn1988m#00:06:22.928#00:06:23.332
34	своих	_	_	_	_	_	_	_	@pn1988m-words1#@pn1988m#00:06:23.332#00:06:23.736
35	книгах	_	_	_	_	_	_	_	@pn1988m-words1#@pn1988m#00:06:23.736#00:06:24.140
36	например	_	_	_	_	_	_	_	@pn1988m-words1#@pn1988m#00:06:24.140#00:06:24.544
37	там	_	_	_	_	_	_	_	@pn1988m-words1#@pn1988m#00:06:24.544#00:06:24.948
38	Иностраенец	_	_	_	_	_	_	_	@pn1988m-words1#@pn1988m#00:06:24.948#00:06:25.352
39	в	_	_	_	_	_	_	_	@pn1988m-words1#@pn1988m#00:06:25.352#00:06:25.756
40	смутное	_	_	_	_	_	_	_	@pn1988m-words1#@pn1988m#00:06:25.756#00:06:26.160
41	время	_	_	_	_	_	_	_	@pn1988m-words1#@pn1988m#00:06:26.160#00:06:26.564
42	где	_	_	_	_	_	_	_	@pn1988m-words1#@pn1988m#00:06:26.564#00:06:26.968
43	он	_	_	_	_	_	_	_	@pn1988m-words1#@pn1988m#00:06:26.968#00:06:27.372
44	описывает	_	_	_	_	_	_	_	@pn1988m-words1#@pn1988m#00:06:27.372#00:06:27.776
45	первый	_	_	_	_	_	_	_	@pn1988m-words1#@pn1988m#00:06:27.776#00:06:28.180
46	свой	_	_	_	_	_	_	_	@pn1988m-words1#@pn1988m#00:06:28.180#00:06:28.584
47	визит	_	_	_	_	_	_	_	@pn1988m-words1#@pn1988m#00:06:28.584#00:06:28.988
48	в	_	_	_	_	_	_	_	@pn1988m-words1#@pn1988m#00:06:28.988#00:06:29.392
49	СССР	_	_	_	_	_	_	_	@pn1988m-words1#@pn1988m#00:06:29.392#00:06:29.800
50	и	_	_	_	_	_	_	_	@pn1988m-words2#@pn1988m#00:06:29.798#00:06:30.083
51	в	_	_	_	_	_	_	_	@pn1988m-words2#@pn1988m#00:06:30.083#00:06:30.368
52	другмх	_	_	_	_	_	_	_	@pn1988m-words2#@pn1988m#00:06:30.368#00:06:30.653
53	что	_	_	_	_	_	_	_	@pn1988m-words2#@pn1988m#00:06:30.653#00:06:30.938
54	он	_	_	_	_	_	_	_	@pn1988m-words2#@pn1988m#00:06:30.938#00:06:31.223
55	был	_	_	_	_	_	_	_	@pn1988m-words2#@pn1988m#00:06:31.223#00:06:31.508
56	очень	_	_	_	_	_	_	_	@pn1988m-words2#@pn1988m#00:06:31.508#00:06:31.793
57	спокоен	_	_	_	_	_	_	_	@pn1988m-words2#@pn1988m#00:06:31.793#00:06:32.078
58	за	_	_	_	_	_	_	_	@pn1988m-words2#@pn1988m#00:06:32.078#00:06:32.363
59	Россию	_	_	_	_	_	_	_	@pn1988m-words2#@pn1988m#00:06:32.363#00:06:32.648
60	/	_	_	_	_	_	_	_	@pn1988m-words2#@pn1988m#00:06:32.648#00:06:32.933
61	ну	_	_	_	_	_	_	_	@pn1988m-words2#@pn1988m#00:06:32.933#00:06:33.218
62	/	_	_	_	_	_	_	_	@pn1988m-words2#@pn1988m#00:06:33.218#00:06:33.503
63	за	_	_	_	_	_	_	_	@pn1988m-words2#@pn1988m#00:06:33.503#00:06:33.788
64	Советский	_	_	_	_	_	_	_	@pn1988m-words2#@pn1988m#00:06:33.788#00:06:34.073
65	Союз	_	_	_	_	_	_	_	@pn1988m-words2#@pn1988m#00:06:34.073#00:06:34.358
66	/	_	_	_	_	_	_	_	@pn1988m-words2#@pn1988m#00:06:34.358#00:06:34.643
67	вот	_	_	_	_	_	_	_	@pn1988m-words2#@pn1988m#00:06:34.643#00:06:34.928
68	мне	_	_	_	_	_	_	_	@pn1988m-words2#@pn1988m#00:06:34.928#00:06:35.213
69	казалось	_	_	_	_	_	_	_	@pn1988m-words2#@pn1988m#00:06:35.213#00:06:35.498
70	что	_	_	_	_	_	_	_	@pn1988m-words2#@pn1988m#00:06:35.498#00:06:35.783
71	моя	_	_	_	_	_	_	_	@pn1988m-words2#@pn1988m#00:06:35.783#00:06:36.068
72	родина	_	_	_	_	_	_	_	@pn1988m-words2#@pn1988m#00:06:36.068#00:06:36.353
73	законсервирована	_	_	_	_	_	_	_	@pn1988m-words2#@pn1988m#00:06:36.353#00:06:36.638
74	/	_	_	_	_	_	_	_	@pn1988m-words2#@pn1988m#00:06:36.638#00:06:36.923
75	заморожена	_	_	_	_	_	_	_	@pn1988m-words2#@pn1988m#00:06:36.923#00:06:37.208
76	-	_	_	_	_	_	_	_	@pn1988m-words2#@pn1988m#00:06:37.208#00:06:37.493
77	да	_	_	_	_	_	_	_	@pn1988m-words2#@pn1988m#00:06:37.493#00:06:37.778
78	/	_	_	_	_	_	_	_	@pn1988m-words2#@pn1988m#00:06:37.778#00:06:38.063
79	я	_	_	_	_	_	_	_	@pn1988m-words2#@pn1988m#00:06:38.063#00:06:38.348
80	там	_	_	_	_	_	_	_	@pn1988m-words2#@pn1988m#00:06:38.348#00:06:38.633
81	жить	_	_	_	_	_	_	_	@pn1988m-words2#@pn1988m#00:06:38.633#00:06:38.918
82	не	_	_	_	_	_	_	_	@pn1988m-words2#@pn1988m#00:06:38.918#00:06:39.203
83	мог	_	_	_	_	_	_	_	@pn1988m-words2#@pn1988m#00:06:39.203#00:06:39.488
84	но	_	_	_	_	_	_	_	@pn1988m-words2#@pn1988m#00:06:39.488#00:06:39.773
85	это	_	_	_	_	_	_	_	@pn1988m-words2#@pn1988m#00:06:39.773#00:06:40.058
86	была	_	_	_	_	_	_	_	@pn1988m-words2#@pn1988m#00:06:40.058#00:06:40.343
87	страна	_	_	_	_	_	_	_	@pn1988m-words2#@pn1988m#00:06:40.343#00:06:40.628
88	которая	_	_	_	_	_	_	_	@pn1988m-words2#@pn1988m#00:06:40.628#00:06:40.913
89	существовала	_	_	_	_	_	_	_	@pn1988m-words2#@pn1988m#00:06:40.913#00:06:41.198
90	для	_	_	_	_	_	_	_	@pn1988m-words2#@pn1988m#00:06:41.198#00:06:41.483
91	самых	_	_	_	_	_	_	_	@pn1988m-words2#@pn1988m#00:06:41.483#00:06:41.768
92	угнетенных	_	_	_	_	_	_	_	@pn1988m-words2#@pn1988m#00:06:41.768#00:06:42.053
93	ее	_	_	_	_	_	_	_	@pn1988m-words2#@pn1988m#00:06:42.053#00:06:42.338
94	классов	_	_	_	_	_	_	_	@pn1988m-words2#@pn1988m#00:06:42.338#00:06:42.623
95	/	_	_	_	_	_	_	_	@pn1988m-words2#@pn1988m#00:06:42.623#00:06:42.908
96	для	_	_	_	_	_	_	_	@pn1988m-words2#@pn1988m#00:06:42.908#00:06:43.193
97	рабочих	_	_	_	_	_	_	_	@pn1988m-words2#@pn1988m#00:06:43.193#00:06:43.478
98	/	_	_	_	_	_	_	_	@pn1988m-words2#@pn1988m#00:06:43.478#00:06:43.763
99	для	_	_	_	_	_	_	_	@pn1988m-words2#@pn1988m#00:06:43.763#00:06:44.048
100	крестьян	_	_	_	_	_	_	_	@pn1988m-words2#@pn1988m#00:06:44.048#00:06:44.333
101	/	_	_	_	_	_	_	_	@pn1988m-words2#@pn1988m#00:06:44.333#00:06:44.618
102	для	_	_	_	_	_	_	_	@pn1988m-words2#@pn1988m#00:06:44.618#00:06:44.903
103	там	_	_	_	_	_	_	_	@pn1988m-words2#@pn1988m#00:06:44.903#00:06:45.188
104	научной	_	_	_	_	_	_	_	@pn1988m-words2#@pn1988m#00:06:45.188#00:06:45.473
105	интелегенции	_	_	_	_	_	_	_	@pn1988m-words2#@pn1988m#00:06:45.473#00:06:45.758
106	и	_	_	_	_	_	_	_	@pn1988m-words2#@pn1988m#00:06:45.758#00:06:46.043
107	все	_	_	_	_	_	_	_	@pn1988m-words2#@pn1988m#00:06:46.043#00:06:46.328
108	было	_	_	_	_	_	_	_	@pn1988m-words2#@pn1988m#00:06:46.328#00:06:46.613
109	с	_	_	_	_	_	_	_	@pn1988m-words2#@pn1988m#00:06:46.613#00:06:46.898
110	ней	_	_	_	_	_	_	_	@pn1988m-words2#@pn1988m#00:06:46.898#00:06:47.183
111	неплохо	_	_	_	_	_	_	_	@pn1988m-words2#@pn1988m#00:06:47.183#00:06:47.468
112	/	_	_	_	_	_	_	_	@pn1988m-words2#@pn1988m#00:06:47.468#00:06:47.753
113	и	_	_	_	_	_	_	_	@pn1988m-words2#@pn1988m#00:06:47.753#00:06:48.038
114	тут	_	_	_	_	_	_	_	@pn1988m-words2#@pn1988m#00:06:48.038#00:06:48.323
115	случилась	_	_	_	_	_	_	_	@pn1988m-words2#@pn1988m#00:06:48.323#00:06:48.608
116	перестройка	_	_	_	_	_	_	_	@pn1988m-words2#@pn1988m#00:06:48.608#00:06:48.893
117	и	_	_	_	_	_	_	_	@pn1988m-words2#@pn1988m#00:06:48.893#00:06:49.178
118	надо	_	_	_	_	_	_	_	@pn1988m-words2#@pn1988m#00:06:49.178#00:06:49.463
119	было	_	_	_	_	_	_	_	@pn1988m-words2#@pn1988m#00:06:49.463#00:06:49.748
120	чё-то	_	_	_	_	_	_	_	@pn1988m-words2#@pn1988m#00:06:49.748#00:06:50.033
121	делать	_	_	_	_	_	_	_	@pn1988m-words2#@pn1988m#00:06:50.033#00:06:50.318
122	/	_	_	_	_	_	_	_	@pn1988m-words2#@pn1988m#00:06:50.318#00:06:50.603
123	тогда	_	_	_	_	_	_	_	@pn1988m-words2#@pn1988m#00:06:50.603#00:06:50.888
124	он	_	_	_	_	_	_	_	@pn1988m-words2#@pn1988m#00:06:50.888#00:06:51.173
125	приехал	_	_	_	_	_	_	_	@pn1988m-words2#@pn1988m#00:06:51.173#00:06:51.458
126	в	_	_	_	_	_	_	_	@pn1988m-words2#@pn1988m#00:06:51.458#00:06:51.743
127	/	_	_	_	_	_	_	_	@pn1988m-words2#@pn1988m#00:06:51.743#00:06:52.028
128	Москву	_	_	_	_	_	_	_	@pn1988m-words2#@pn1988m#00:06:52.028#00:06:52.313
129	впервые	_	_	_	_	_	_	_	@pn1988m-words2#@pn1988m#00:06:52.313#00:06:52.598
130	/	_	_	_	_	_	_	_	@pn1988m-words2#@pn1988m#00:06:52.598#00:06:52.883
131	кстати	_	_	_	_	_	_	_	@pn1988m-words2#@pn1988m#00:06:52.883#00:06:53.168
132	он	_	_	_	_	_	_	_	@pn1988m-words2#@pn1988m#00:06:53.168#00:06:53.453
133	приехал	_	_	_	_	_	_	_	@pn1988m-words2#@pn1988m#00:06:53.453#00:06:53.738
134	по	_	_	_	_	_	_	_	@pn1988m-words2#@pn1988m#00:06:53.738#00:06:54.023
135	приглашению	_	_	_	_	_	_	_	@pn1988m-words2#@pn1988m#00:06:54.023#00:06:54.308
136	Юлиана	_	_	_	_	_	_	_	@pn1988m-words2#@pn1988m#00:06:54.308#00:06:54.593
137	Семенова	_	_	_	_	_	_	_	@pn1988m-words2#@pn1988m#00:06:54.593#00:06:54.878
138	/	_	_	_	_	_	_	_	@pn1988m-words2#@pn1988m#00:06:54.878#00:06:55.163
139	кто	_	_	_	_	_	_	_	@pn1988m-words2#@pn1988m#00:06:55.163#00:06:55.448
140	такой	_	_	_	_	_	_	_	@pn1988m-words2#@pn1988m#00:06:55.448#00:06:55.733
141	Юлиан	_	_	_	_	_	_	_	@pn1988m-words2#@pn1988m#00:06:55.733#00:06:56.018
142	Семенов	_	_	_	_	_	_	_	@pn1988m-words2#@pn1988m#00:06:56.018#00:06:56.303
143	знаете?	_	_	_	_	_	_	_	@pn1988m-words2#@pn1988m#00:06:56.303#00:06:56.620
144	Дадада	_	_	_	_	_	_	_	@pn1988m-words3#@pn1988m#00:06:56.655#00:06:57.094
145	/	_	_	_	_	_	_	_	@pn1988m-words3#@pn1988m#00:06:57.094#00:06:57.533
146	[нрзб]	_	_	_	_	_	_	_	@pn1988m-words3#@pn1988m#00:06:57.533#00:06:57.972
147	весны	_	_	_	_	_	_	_	@pn1988m-words3#@pn1988m#00:06:57.972#00:06:58.411
148	это	_	_	_	_	_	_	_	@pn1988m-words3#@pn1988m#00:06:58.411#00:06:58.850
149	журналист	_	_	_	_	_	_	_	@pn1988m-words3#@pn1988m#00:06:58.850#00:06:59.289
150	который	_	_	_	_	_	_	_	@pn1988m-words3#@pn1988m#00:06:59.289#00:06:59.728
151	владел	_	_	_	_	_	_	_	@pn1988m-words3#@pn1988m#00:06:59.728#00:07:00.167
152	холдингом	_	_	_	_	_	_	_	@pn1988m-words3#@pn1988m#00:07:00.167#00:07:00.606
153	Совершенно	_	_	_	_	_	_	_	@pn1988m-words3#@pn1988m#00:07:00.606#00:07:01.045
154	секретно	_	_	_	_	_	_	_	@pn1988m-words3#@pn1988m#00:07:01.045#00:07:01.484
155	/	_	_	_	_	_	_	_	@pn1988m-words3#@pn1988m#00:07:01.484#00:07:01.923
156	у	_	_	_	_	_	_	_	@pn1988m-words3#@pn1988m#00:07:01.923#00:07:02.362
157	него	_	_	_	_	_	_	_	@pn1988m-words3#@pn1988m#00:07:02.362#00:07:02.801
158	было	_	_	_	_	_	_	_	@pn1988m-words3#@pn1988m#00:07:02.801#00:07:03.240
159	безумное	_	_	_	_	_	_	_	@pn1988m-words3#@pn1988m#00:07:03.240#00:07:03.679
160	колличество	_	_	_	_	_	_	_	@pn1988m-words3#@pn1988m#00:07:03.679#00:07:04.118
161	денег	_	_	_	_	_	_	_	@pn1988m-words3#@pn1988m#00:07:04.118#00:07:04.557
162	на	_	_	_	_	_	_	_	@pn1988m-words3#@pn1988m#00:07:04.557#00:07:04.996
163	тот	_	_	_	_	_	_	_	@pn1988m-words3#@pn1988m#00:07:04.996#00:07:05.435
164	момент	_	_	_	_	_	_	_	@pn1988m-words3#@pn1988m#00:07:05.435#00:07:05.874
165	/	_	_	_	_	_	_	_	@pn1988m-words3#@pn1988m#00:07:05.874#00:07:06.313
166	на	_	_	_	_	_	_	_	@pn1988m-words3#@pn1988m#00:07:06.313#00:07:06.752
167	момент	_	_	_	_	_	_	_	@pn1988m-words3#@pn1988m#00:07:06.752#00:07:07.191
168	Перестройки	_	_	_	_	_	_	_	@pn1988m-words3#@pn1988m#00:07:07.191#00:07:07.630
169	/	_	_	_	_	_	_	_	@pn1988m-words3#@pn1988m#00:07:07.630#00:07:08.069
170	иии	_	_	_	_	_	_	_	@pn1988m-words3#@pn1988m#00:07:08.069#00:07:08.517
171	а	_	_	_	_	_	_	_	@pn1988m-words4#@pn1988m#00:07:08.499#00:07:08.864
172	еще	_	_	_	_	_	_	_	@pn1988m-words4#@pn1988m#00:07:08.864#00:07:09.229
173	/	_	_	_	_	_	_	_	@pn1988m-words4#@pn1988m#00:07:09.229#00:07:09.594
174	ии	_	_	_	_	_	_	_	@pn1988m-words4#@pn1988m#00:07:09.594#00:07:09.959
175	Юлиан	_	_	_	_	_	_	_	@pn1988m-words4#@pn1988m#00:07:09.959#00:07:10.324
176	Семенов	_	_	_	_	_	_	_	@pn1988m-words4#@pn1988m#00:07:10.324#00:07:10.689
177	взял	_	_	_	_	_	_	_	@pn1988m-words4#@pn1988m#00:07:10.689#00:07:11.054
178	интервью	_	_	_	_	_	_	_	@pn1988m-words4#@pn1988m#00:07:11.054#00:07:11.419
179	у	_	_	_	_	_	_	_	@pn1988m-words4#@pn1988m#00:07:11.419#00:07:11.784
180	Отто	_	_	_	_	_	_	_	@pn1988m-words4#@pn1988m#00:07:11.784#00:07:12.149
181	Скорцени	_	_	_	_	_	_	_	@pn1988m-words4#@pn1988m#00:07:12.149#00:07:12.514
182	/	_	_	_	_	_	_	_	@pn1988m-words4#@pn1988m#00:07:12.514#00:07:12.879
183	Отто	_	_	_	_	_	_	_	@pn1988m-words4#@pn1988m#00:07:12.879#00:07:13.244
184	Скорцени	_	_	_	_	_	_	_	@pn1988m-words4#@pn1988m#00:07:13.244#00:07:13.609
185	это	_	_	_	_	_	_	_	@pn1988m-words4#@pn1988m#00:07:13.609#00:07:13.974
186	известный	_	_	_	_	_	_	_	@pn1988m-words4#@pn1988m#00:07:13.974#00:07:14.339
187	нацистский	_	_	_	_	_	_	_	@pn1988m-words4#@pn1988m#00:07:14.339#00:07:14.704
188	диверсант	_	_	_	_	_	_	_	@pn1988m-words4#@pn1988m#00:07:14.704#00:07:15.069
189	который	_	_	_	_	_	_	_	@pn1988m-words4#@pn1988m#00:07:15.069#00:07:15.434
190	после	_	_	_	_	_	_	_	@pn1988m-words4#@pn1988m#00:07:15.434#00:07:15.799
191	эээ	_	_	_	_	_	_	_	@pn1988m-words4#@pn1988m#00:07:15.799#00:07:16.164
192	поражения	_	_	_	_	_	_	_	@pn1988m-words4#@pn1988m#00:07:16.164#00:07:16.529
193	третьего	_	_	_	_	_	_	_	@pn1988m-words4#@pn1988m#00:07:16.529#00:07:16.894
194	рейха	_	_	_	_	_	_	_	@pn1988m-words4#@pn1988m#00:07:16.894#00:07:17.259
195	/	_	_	_	_	_	_	_	@pn1988m-words4#@pn1988m#00:07:17.259#00:07:17.624
196	как	_	_	_	_	_	_	_	@pn1988m-words4#@pn1988m#00:07:17.624#00:07:17.989
197	и	_	_	_	_	_	_	_	@pn1988m-words4#@pn1988m#00:07:17.989#00:07:18.354
198	многие	_	_	_	_	_	_	_	@pn1988m-words4#@pn1988m#00:07:18.354#00:07:18.719
199	э	_	_	_	_	_	_	_	@pn1988m-words4#@pn1988m#00:07:18.719#00:07:19.084
200	/	_	_	_	_	_	_	_	@pn1988m-words4#@pn1988m#00:07:19.084#00:07:19.449
201	специалисты	_	_	_	_	_	_	_	@pn1988m-words4#@pn1988m#00:07:19.449#00:07:19.814
202	узкого	_	_	_	_	_	_	_	@pn1988m-words4#@pn1988m#00:07:19.814#00:07:20.179
203	профиля	_	_	_	_	_	_	_	@pn1988m-words4#@pn1988m#00:07:20.179#00:07:20.544
204	нацистские	_	_	_	_	_	_	_	@pn1988m-words4#@pn1988m#00:07:20.544#00:07:20.909
205	не	_	_	_	_	_	_	_	@pn1988m-words4#@pn1988m#00:07:20.909#00:07:21.274
206	был	_	_	_	_	_	_	_	@pn1988m-words4#@pn1988m#00:07:21.274#00:07:21.639
207	казнен	_	_	_	_	_	_	_	@pn1988m-words4#@pn1988m#00:07:21.639#00:07:22.004
208	а	_	_	_	_	_	_	_	@pn1988m-words4#@pn1988m#00:07:22.004#00:07:22.369
209	работал	_	_	_	_	_	_	_	@pn1988m-words4#@pn1988m#00:07:22.369#00:07:22.734
210	на	_	_	_	_	_	_	_	@pn1988m-words4#@pn1988m#00:07:22.734#00:07:23.099
211	самую	_	_	_	_	_	_	_	@pn1988m-words4#@pn1988m#00:07:23.099#00:07:23.464
212	неочевидную	_	_	_	_	_	_	_	@pn1988m-words4#@pn1988m#00:07:23.464#00:07:23.829
213	страну	_	_	_	_	_	_	_	@pn1988m-words4#@pn1988m#00:07:23.829#00:07:24.194
214	для	_	_	_	_	_	_	_	@pn1988m-words4#@pn1988m#00:07:24.194#00:07:24.559
215	этого	_	_	_	_	_	_	_	@pn1988m-words4#@pn1988m#00:07:24.559#00:07:24.924
216	времени	_	_	_	_	_	_	_	@pn1988m-words4#@pn1988m#00:07:24.924#00:07:25.289
217	он	_	_	_	_	_	_	_	@pn1988m-words4#@pn1988m#00:07:25.289#00:07:25.654
218	работал	_	_	_	_	_	_	_	@pn1988m-words4#@pn1988m#00:07:25.654#00:07:26.019
219	на	_	_	_	_	_	_	_	@pn1988m-words4#@pn1988m#00:07:26.019#00:07:26.384
220	израиль	_	_	_	_	_	_	_	@pn1988m-words4#@pn1988m#00:07:26.384#00:07:26.749
221	/	_	_	_	_	_	_	_	@pn1988m-words4#@pn1988m#00:07:26.749#00:07:27.114
222	Отто	_	_	_	_	_	_	_	@pn1988m-words4#@pn1988m#00:07:27.114#00:07:27.479
223	Скорцени	_	_	_	_	_	_	_	@pn1988m-words4#@pn1988m#00:07:27.479#00:07:27.844
224	занимался	_	_	_	_	_	_	_	@pn1988m-words4#@pn1988m#00:07:27.844#00:07:28.209
225	тем	_	_	_	_	_	_	_	@pn1988m-words4#@pn1988m#00:07:28.209#00:07:28.574
226	что	_	_	_	_	_	_	_	@pn1988m-words4#@pn1988m#00:07:28.574#00:07:28.939
227	боролся	_	_	_	_	_	_	_	@pn1988m-words4#@pn1988m#00:07:28.939#00:07:29.304
228	с	_	_	_	_	_	_	_	@pn1988m-words4#@pn1988m#00:07:29.304#00:07:29.669
229	ракетной	_	_	_	_	_	_	_	@pn1988m-words4#@pn1988m#00:07:29.669#00:07:30.034
230	программой	_	_	_	_	_	_	_	@pn1988m-words4#@pn1988m#00:07:30.034#00:07:30.399
231	Египта	_	_	_	_	_	_	_	@pn1988m-words4#@pn1988m#00:07:30.399#00:07:30.764
232	/	_	_	_	_	_	_	_	@pn1988m-words4#@pn1988m#00:07:30.764#00:07:31.129
233	вот	_	_	_	_	_	_	_	@pn1988m-words4#@pn1988m#00:07:31.129#00:07:31.494
234	с	_	_	_	_	_	_	_	@pn1988m-words4#@pn1988m#00:07:31.494#00:07:31.859
235	таким	_	_	_	_	_	_	_	@pn1988m-words4#@pn1988m#00:07:31.859#00:07:32.224
236	вот	_	_	_	_	_	_	_	@pn1988m-words4#@pn1988m#00:07:32.224#00:07:32.589
237	человеком	_	_	_	_	_	_	_	@pn1988m-words4#@pn1988m#00:07:32.589#00:07:32.954
238	встречался	_	_	_	_	_	_	_	@pn1988m-words4#@pn1988m#00:07:32.954#00:07:33.319
239	Семенов	_	_	_	_	_	_	_	@pn1988m-words4#@pn1988m#00:07:33.319#00:07:33.684
240	/	_	_	_	_	_	_	_	@pn1988m-words4#@pn1988m#00:07:33.684#00:07:34.049
241	вот	_	_	_	_	_	_	_	@pn1988m-words4#@pn1988m#00:07:34.049#00:07:34.414
242	иии	_	_	_	_	_	_	_	@pn1988m-words4#@pn1988m#00:07:34.414#00:07:34.779
243	приезд	_	_	_	_	_	_	_	@pn1988m-words4#@pn1988m#00:07:34.779#00:07:35.144
244	Лимонова	_	_	_	_	_	_	_	@pn1988m-words4#@pn1988m#00:07:35.144#00:07:35.509
245	первый	_	_	_	_	_	_	_	@pn1988m-words4#@pn1988m#00:07:35.509#00:07:35.874
246	в	_	_	_	_	_	_	_	@pn1988m-words4#@pn1988m#00:07:35.874#00:07:36.239
247	Москву	_	_	_	_	_	_	_	@pn1988m-words4#@pn1988m#00:07:36.239#00:07:36.604
248	был	_	_	_	_	_	_	_	@pn1988m-words4#@pn1988m#00:07:36.604#00:07:36.969
249	довольно	_	_	_	_	_	_	_	@pn1988m-words4#@pn1988m#00:07:36.969#00:07:37.334
250	комичным	_	_	_	_	_	_	_	@pn1988m-words4#@pn1988m#00:07:37.334#00:07:37.699
251	потому	_	_	_	_	_	_	_	@pn1988m-words4#@pn1988m#00:07:37.699#00:07:38.064
252	что	_	_	_	_	_	_	_	@pn1988m-words4#@pn1988m#00:07:38.064#00:07:38.429
253	Лимо...потому	_	_	_	_	_	_	_	@pn1988m-words4#@pn1988m#00:07:38.429#00:07:38.794
254	что	_	_	_	_	_	_	_	@pn1988m-words4#@pn1988m#00:07:38.794#00:07:39.159
255	Лимонов	_	_	_	_	_	_	_	@pn1988m-words4#@pn1988m#00:07:39.159#00:07:39.524
256	участвовал	_	_	_	_	_	_	_	@pn1988m-words4#@pn1988m#00:07:39.524#00:07:39.889
257	в	_	_	_	_	_	_	_	@pn1988m-words4#@pn1988m#00:07:39.889#00:07:40.254
258	одном	_	_	_	_	_	_	_	@pn1988m-words4#@pn1988m#00:07:40.254#00:07:40.619
259	и	_	_	_	_	_	_	_	@pn1988m-words4#@pn1988m#00:07:40.619#00:07:40.984
260	том	_	_	_	_	_	_	_	@pn1988m-words4#@pn1988m#00:07:40.984#00:07:41.349
261	же	_	_	_	_	_	_	_	@pn1988m-words4#@pn1988m#00:07:41.349#00:07:41.714
262	мероприятии	_	_	_	_	_	_	_	@pn1988m-words4#@pn1988m#00:07:41.714#00:07:42.079
263	с	_	_	_	_	_	_	_	@pn1988m-words4#@pn1988m#00:07:42.079#00:07:42.444
264	Вилли	_	_	_	_	_	_	_	@pn1988m-words4#@pn1988m#00:07:42.444#00:07:42.809
265	Токаревым	_	_	_	_	_	_	_	@pn1988m-words4#@pn1988m#00:07:42.809#00:07:43.174
266	/	_	_	_	_	_	_	_	@pn1988m-words4#@pn1988m#00:07:43.174#00:07:43.539
267	кто	_	_	_	_	_	_	_	@pn1988m-words4#@pn1988m#00:07:43.539#00:07:43.904
268	такой	_	_	_	_	_	_	_	@pn1988m-words4#@pn1988m#00:07:43.904#00:07:44.269
269	Вилли	_	_	_	_	_	_	_	@pn1988m-words4#@pn1988m#00:07:44.269#00:07:44.634
270	Токарев	_	_	_	_	_	_	_	@pn1988m-words4#@pn1988m#00:07:44.634#00:07:44.999
271	вы	_	_	_	_	_	_	_	@pn1988m-words4#@pn1988m#00:07:44.999#00:07:45.364
272	себе	_	_	_	_	_	_	_	@pn1988m-words4#@pn1988m#00:07:45.364#00:07:45.729
273	представляете	_	_	_	_	_	_	_	@pn1988m-words4#@pn1988m#00:07:45.729#00:07:46.094
274	/	_	_	_	_	_	_	_	@pn1988m-words4#@pn1988m#00:07:46.094#00:07:46.459
275	это	_	_	_	_	_	_	_	@pn1988m-words4#@pn1988m#00:07:46.459#00:07:46.824
276	недавно	_	_	_	_	_	_	_	@pn1988m-words4#@pn1988m#00:07:46.824#00:07:47.189
277	умер	_	_	_	_	_	_	_	@pn1988m-words4#@pn1988m#00:07:47.189#00:07:47.554
278	совсем	_	_	_	_	_	_	_	@pn1988m-words4#@pn1988m#00:07:47.554#00:07:47.919
279	это	_	_	_	_	_	_	_	@pn1988m-words4#@pn1988m#00:07:47.919#00:07:48.284
280	такой	_	_	_	_	_	_	_	@pn1988m-words4#@pn1988m#00:07:48.284#00:07:48.649
281	исполнитель	_	_	_	_	_	_	_	@pn1988m-words4#@pn1988m#00:07:48.649#00:07:49.014
282	ээ	_	_	_	_	_	_	_	@pn1988m-words4#@pn1988m#00:07:49.014#00:07:49.379
283	русского	_	_	_	_	_	_	_	@pn1988m-words4#@pn1988m#00:07:49.379#00:07:49.744
284	шансона	_	_	_	_	_	_	_	@pn1988m-words4#@pn1988m#00:07:49.744#00:07:50.109
285	который	_	_	_	_	_	_	_	@pn1988m-words4#@pn1988m#00:07:50.109#00:07:50.474
286	прожил	_	_	_	_	_	_	_	@pn1988m-words4#@pn1988m#00:07:50.474#00:07:50.839
287	очень	_	_	_	_	_	_	_	@pn1988m-words4#@pn1988m#00:07:50.839#00:07:51.204
288	много	_	_	_	_	_	_	_	@pn1988m-words4#@pn1988m#00:07:51.204#00:07:51.569
289	времени	_	_	_	_	_	_	_	@pn1988m-words4#@pn1988m#00:07:51.569#00:07:51.934
290	в	_	_	_	_	_	_	_	@pn1988m-words4#@pn1988m#00:07:51.934#00:07:52.299
291	штатах	_	_	_	_	_	_	_	@pn1988m-words4#@pn1988m#00:07:52.299#00:07:52.664
292	он	_	_	_	_	_	_	_	@pn1988m-words4#@pn1988m#00:07:52.664#00:07:53.029
293	известен	_	_	_	_	_	_	_	@pn1988m-words4#@pn1988m#00:07:53.029#00:07:53.394
294	своими	_	_	_	_	_	_	_	@pn1988m-words4#@pn1988m#00:07:53.394#00:07:53.759
295	короче	_	_	_	_	_	_	_	@pn1988m-words4#@pn1988m#00:07:53.759#00:07:54.124
296	вот	_	_	_	_	_	_	_	@pn1988m-words4#@pn1988m#00:07:54.124#00:07:54.489
297	такими	_	_	_	_	_	_	_	@pn1988m-words4#@pn1988m#00:07:54.489#00:07:54.854
298	вот	_	_	_	_	_	_	_	@pn1988m-words4#@pn1988m#00:07:54.854#00:07:55.219
299	усами	_	_	_	_	_	_	_	@pn1988m-words4#@pn1988m#00:07:55.219#00:07:55.584
300	пышными	_	_	_	_	_	_	_	@pn1988m-words4#@pn1988m#00:07:55.584#00:07:55.949
301	как	_	_	_	_	_	_	_	@pn1988m-words4#@pn1988m#00:07:55.949#00:07:56.314
302	у	_	_	_	_	_	_	_	@pn1988m-words4#@pn1988m#00:07:56.314#00:07:56.681
303	вот	_	_	_	_	_	_	_	@pn1988m-words5#@pn1988m#00:07:56.772#00:07:57.114
304	да	_	_	_	_	_	_	_	@pn1988m-words5#@pn1988m#00:07:57.114#00:07:57.456
305	дада	_	_	_	_	_	_	_	@pn1988m-words5#@pn1988m#00:07:57.456#00:07:57.798
306	вот	_	_	_	_	_	_	_	@pn1988m-words5#@pn1988m#00:07:57.798#00:07:58.140
307	собственно	_	_	_	_	_	_	_	@pn1988m-words5#@pn1988m#00:07:58.140#00:07:58.482
308	представьте	_	_	_	_	_	_	_	@pn1988m-words5#@pn1988m#00:07:58.482#00:07:58.824
309	/	_	_	_	_	_	_	_	@pn1988m-words5#@pn1988m#00:07:58.824#00:07:59.166
310	вы	_	_	_	_	_	_	_	@pn1988m-words5#@pn1988m#00:07:59.166#00:07:59.508
311	/	_	_	_	_	_	_	_	@pn1988m-words5#@pn1988m#00:07:59.508#00:07:59.850
312	вам	_	_	_	_	_	_	_	@pn1988m-words5#@pn1988m#00:07:59.850#00:08:00.192
313	сорок	_	_	_	_	_	_	_	@pn1988m-words5#@pn1988m#00:08:00.192#00:08:00.534
314	с	_	_	_	_	_	_	_	@pn1988m-words5#@pn1988m#00:08:00.534#00:08:00.876
315	чем-то	_	_	_	_	_	_	_	@pn1988m-words5#@pn1988m#00:08:00.876#00:08:01.218
316	лет	_	_	_	_	_	_	_	@pn1988m-words5#@pn1988m#00:08:01.218#00:08:01.560
317	вы	_	_	_	_	_	_	_	@pn1988m-words5#@pn1988m#00:08:01.560#00:08:01.902
318	приезжаете	_	_	_	_	_	_	_	@pn1988m-words5#@pn1988m#00:08:01.902#00:08:02.244
319	в	_	_	_	_	_	_	_	@pn1988m-words5#@pn1988m#00:08:02.244#00:08:02.586
320	Москву	_	_	_	_	_	_	_	@pn1988m-words5#@pn1988m#00:08:02.586#00:08:02.928
321	у	_	_	_	_	_	_	_	@pn1988m-words5#@pn1988m#00:08:02.928#00:08:03.270
322	вас	_	_	_	_	_	_	_	@pn1988m-words5#@pn1988m#00:08:03.270#00:08:03.612
323	собственно	_	_	_	_	_	_	_	@pn1988m-words5#@pn1988m#00:08:03.612#00:08:03.954
324	две	_	_	_	_	_	_	_	@pn1988m-words5#@pn1988m#00:08:03.954#00:08:04.296
325	цели	_	_	_	_	_	_	_	@pn1988m-words5#@pn1988m#00:08:04.296#00:08:04.638
326	первая	_	_	_	_	_	_	_	@pn1988m-words5#@pn1988m#00:08:04.638#00:08:04.980
327	это	_	_	_	_	_	_	_	@pn1988m-words5#@pn1988m#00:08:04.980#00:08:05.322
328	эмэ	_	_	_	_	_	_	_	@pn1988m-words5#@pn1988m#00:08:05.322#00:08:05.664
329	заработать	_	_	_	_	_	_	_	@pn1988m-words5#@pn1988m#00:08:05.664#00:08:06.006
330	большое	_	_	_	_	_	_	_	@pn1988m-words5#@pn1988m#00:08:06.006#00:08:06.348
331	колличество	_	_	_	_	_	_	_	@pn1988m-words5#@pn1988m#00:08:06.348#00:08:06.690
332	денег	_	_	_	_	_	_	_	@pn1988m-words5#@pn1988m#00:08:06.690#00:08:07.032
333	потому	_	_	_	_	_	_	_	@pn1988m-words5#@pn1988m#00:08:07.032#00:08:07.374
334	что	_	_	_	_	_	_	_	@pn1988m-words5#@pn1988m#00:08:07.374#00:08:07.716
335	Юлиан	_	_	_	_	_	_	_	@pn1988m-words5#@pn1988m#00:08:07.716#00:08:08.058
336	Семенов	_	_	_	_	_	_	_	@pn1988m-words5#@pn1988m#00:08:08.058#00:08:08.400
337	м	_	_	_	_	_	_	_	@pn1988m-words5#@pn1988m#00:08:08.400#00:08:08.742
338	размутил	_	_	_	_	_	_	_	@pn1988m-words5#@pn1988m#00:08:08.742#00:08:09.084
339	огромное	_	_	_	_	_	_	_	@pn1988m-words5#@pn1988m#00:08:09.084#00:08:09.426
340	колличество	_	_	_	_	_	_	_	@pn1988m-words5#@pn1988m#00:08:09.426#00:08:09.768
341	ивентов	_	_	_	_	_	_	_	@pn1988m-words5#@pn1988m#00:08:09.768#00:08:10.110
342	за	_	_	_	_	_	_	_	@pn1988m-words5#@pn1988m#00:08:10.110#00:08:10.452
343	которые	_	_	_	_	_	_	_	@pn1988m-words5#@pn1988m#00:08:10.452#00:08:10.794
344	платят	_	_	_	_	_	_	_	@pn1988m-words5#@pn1988m#00:08:10.794#00:08:11.136
345	он	_	_	_	_	_	_	_	@pn1988m-words5#@pn1988m#00:08:11.136#00:08:11.478
346	договорился	_	_	_	_	_	_	_	@pn1988m-words5#@pn1988m#00:08:11.478#00:08:11.820
347	о	_	_	_	_	_	_	_	@pn1988m-words5#@pn1988m#00:08:11.820#00:08:12.162
348	публикациях	_	_	_	_	_	_	_	@pn1988m-words5#@pn1988m#00:08:12.162#00:08:12.504
349	то	_	_	_	_	_	_	_	@pn1988m-words5#@pn1988m#00:08:12.504#00:08:12.846
350	есть	_	_	_	_	_	_	_	@pn1988m-words5#@pn1988m#00:08:12.846#00:08:13.188
351	у	_	_	_	_	_	_	_	@pn1988m-words5#@pn1988m#00:08:13.188#00:08:13.530
352	вас	_	_	_	_	_	_	_	@pn1988m-words5#@pn1988m#00:08:13.530#00:08:13.872
353	несколько	_	_	_	_	_	_	_	@pn1988m-words5#@pn1988m#00:08:13.872#00:08:14.214
354	недель	_	_	_	_	_	_	_	@pn1988m-words5#@pn1988m#00:08:14.214#00:08:14.556
355	такого	_	_	_	_	_	_	_	@pn1988m-words5#@pn1988m#00:08:14.556#00:08:14.898
356	чёса	_	_	_	_	_	_	_	@pn1988m-words5#@pn1988m#00:08:14.898#00:08:15.240
357	/	_	_	_	_	_	_	_	@pn1988m-words5#@pn1988m#00:08:15.240#00:08:15.582
358	вы	_	_	_	_	_	_	_	@pn1988m-words5#@pn1988m#00:08:15.582#00:08:15.924
359	общаетесь	_	_	_	_	_	_	_	@pn1988m-words5#@pn1988m#00:08:15.924#00:08:16.266
360	с	_	_	_	_	_	_	_	@pn1988m-words5#@pn1988m#00:08:16.266#00:08:16.608
361	людьмии	_	_	_	_	_	_	_	@pn1988m-words5#@pn1988m#00:08:16.608#00:08:16.950
362	/	_	_	_	_	_	_	_	@pn1988m-words5#@pn1988m#00:08:16.950#00:08:17.292
363	вы	_	_	_	_	_	_	_	@pn1988m-words5#@pn1988m#00:08:17.292#00:08:17.634
364	вам	_	_	_	_	_	_	_	@pn1988m-words5#@pn1988m#00:08:17.634#00:08:17.976
365	вы	_	_	_	_	_	_	_	@pn1988m-words5#@pn1988m#00:08:17.976#00:08:18.318
366	можете	_	_	_	_	_	_	_	@pn1988m-words5#@pn1988m#00:08:18.318#00:08:18.660
367	видеть	_	_	_	_	_	_	_	@pn1988m-words5#@pn1988m#00:08:18.660#00:08:19.002
368	родителей	_	_	_	_	_	_	_	@pn1988m-words5#@pn1988m#00:08:19.002#00:08:19.344
369	которых	_	_	_	_	_	_	_	@pn1988m-words5#@pn1988m#00:08:19.344#00:08:19.686
370	не	_	_	_	_	_	_	_	@pn1988m-words5#@pn1988m#00:08:19.686#00:08:20.028
371	видели	_	_	_	_	_	_	_	@pn1988m-words5#@pn1988m#00:08:20.028#00:08:20.370
372	очень	_	_	_	_	_	_	_	@pn1988m-words5#@pn1988m#00:08:20.370#00:08:20.712
373	много	_	_	_	_	_	_	_	@pn1988m-words5#@pn1988m#00:08:20.712#00:08:21.054
374	лет	_	_	_	_	_	_	_	@pn1988m-words5#@pn1988m#00:08:21.054#00:08:21.396
375	узнать	_	_	_	_	_	_	_	@pn1988m-words5#@pn1988m#00:08:21.396#00:08:21.738
376	как	_	_	_	_	_	_	_	@pn1988m-words5#@pn1988m#00:08:21.738#00:08:22.080
377	вообще	_	_	_	_	_	_	_	@pn1988m-words5#@pn1988m#00:08:22.080#00:08:22.422
378	живут	_	_	_	_	_	_	_	@pn1988m-words5#@pn1988m#00:08:22.422#00:08:22.764
379	ваши	_	_	_	_	_	_	_	@pn1988m-words5#@pn1988m#00:08:22.764#00:08:23.106
380	друзья	_	_	_	_	_	_	_	@pn1988m-words5#@pn1988m#00:08:23.106#00:08:23.448
381	вторая	_	_	_	_	_	_	_	@pn1988m-words5#@pn1988m#00:08:23.448#00:08:23.790
382	цель	_	_	_	_	_	_	_	@pn1988m-words5#@pn1988m#00:08:23.790#00:08:24.132
383	/	_	_	_	_	_	_	_	@pn1988m-words5#@pn1988m#00:08:24.132#00:08:24.474
384	ваша	_	_	_	_	_	_	_	@pn1988m-words5#@pn1988m#00:08:24.474#00:08:24.816
385	жена	_	_	_	_	_	_	_	@pn1988m-words5#@pn1988m#00:08:24.816#00:08:25.158
386	снова	_	_	_	_	_	_	_	@pn1988m-words5#@pn1988m#00:08:25.158#00:08:25.500
387	в	_	_	_	_	_	_	_	@pn1988m-words5#@pn1988m#00:08:25.500#00:08:25.842
388	запое	_	_	_	_	_	_	_	@pn1988m-words5#@pn1988m#00:08:25.842#00:08:26.184
389	и	_	_	_	_	_	_	_	@pn1988m-words5#@pn1988m#00:08:26.184#00:08:26.526
390	она	_	_	_	_	_	_	_	@pn1988m-words5#@pn1988m#00:08:26.526#00:08:26.868
391	осталась	_	_	_	_	_	_	_	@pn1988m-words5#@pn1988m#00:08:26.868#00:08:27.210
392	в	_	_	_	_	_	_	_	@pn1988m-words5#@pn1988m#00:08:27.210#00:08:27.552
393	Москве	_	_	_	_	_	_	_	@pn1988m-words5#@pn1988m#00:08:27.552#00:08:27.894
394	и	_	_	_	_	_	_	_	@pn1988m-words5#@pn1988m#00:08:27.894#00:08:28.236
395	вам	_	_	_	_	_	_	_	@pn1988m-words5#@pn1988m#00:08:28.236#00:08:28.578
396	надо	_	_	_	_	_	_	_	@pn1988m-words5#@pn1988m#00:08:28.578#00:08:28.920
397	как-то	_	_	_	_	_	_	_	@pn1988m-words5#@pn1988m#00:08:28.920#00:08:29.262
398	её	_	_	_	_	_	_	_	@pn1988m-words5#@pn1988m#00:08:29.262#00:08:29.604
399	найти	_	_	_	_	_	_	_	@pn1988m-words5#@pn1988m#00:08:29.604#00:08:29.946
400	/	_	_	_	_	_	_	_	@pn1988m-words5#@pn1988m#00:08:29.946#00:08:30.288
401	потому	_	_	_	_	_	_	_	@pn1988m-words5#@pn1988m#00:08:30.288#00:08:30.630
402	что	_	_	_	_	_	_	_	@pn1988m-words5#@pn1988m#00:08:30.630#00:08:30.972
403	на	_	_	_	_	_	_	_	@pn1988m-words5#@pn1988m#00:08:30.972#00:08:31.314
404	тот	_	_	_	_	_	_	_	@pn1988m-words5#@pn1988m#00:08:31.314#00:08:31.656
405	момент	_	_	_	_	_	_	_	@pn1988m-words5#@pn1988m#00:08:31.656#00:08:31.998
406	Лимонов	_	_	_	_	_	_	_	@pn1988m-words5#@pn1988m#00:08:31.998#00:08:32.340
407	был	_	_	_	_	_	_	_	@pn1988m-words5#@pn1988m#00:08:32.340#00:08:32.682
408	женат	_	_	_	_	_	_	_	@pn1988m-words5#@pn1988m#00:08:32.682#00:08:33.024
409	на	_	_	_	_	_	_	_	@pn1988m-words5#@pn1988m#00:08:33.024#00:08:33.366
410	Наталье	_	_	_	_	_	_	_	@pn1988m-words5#@pn1988m#00:08:33.366#00:08:33.708
411	Медведевой	_	_	_	_	_	_	_	@pn1988m-words5#@pn1988m#00:08:33.708#00:08:34.050
412	и	_	_	_	_	_	_	_	@pn1988m-words5#@pn1988m#00:08:34.050#00:08:34.392
413	/	_	_	_	_	_	_	_	@pn1988m-words5#@pn1988m#00:08:34.392#00:08:34.734
414	я	_	_	_	_	_	_	_	@pn1988m-words5#@pn1988m#00:08:34.734#00:08:35.076
415	не	_	_	_	_	_	_	_	@pn1988m-words5#@pn1988m#00:08:35.076#00:08:35.418
416	читал	_	_	_	_	_	_	_	@pn1988m-words5#@pn1988m#00:08:35.418#00:08:35.760
417	ее	_	_	_	_	_	_	_	@pn1988m-words5#@pn1988m#00:08:35.760#00:08:36.102
418	книг	_	_	_	_	_	_	_	@pn1988m-words5#@pn1988m#00:08:36.102#00:08:36.444
419	и	_	_	_	_	_	_	_	@pn1988m-words5#@pn1988m#00:08:36.444#00:08:36.786
420	не	_	_	_	_	_	_	_	@pn1988m-words5#@pn1988m#00:08:36.786#00:08:37.128
421	читал	_	_	_	_	_	_	_	@pn1988m-words5#@pn1988m#00:08:37.128#00:08:37.470
422	каких-то	_	_	_	_	_	_	_	@pn1988m-words5#@pn1988m#00:08:37.470#00:08:37.812
423	ее	_	_	_	_	_	_	_	@pn1988m-words5#@pn1988m#00:08:37.812#00:08:38.154
424	историй	_	_	_	_	_	_	_	@pn1988m-words5#@pn1988m#00:08:38.154#00:08:38.496
425	но	_	_	_	_	_	_	_	@pn1988m-words5#@pn1988m#00:08:38.496#00:08:38.838
426	/	_	_	_	_	_	_	_	@pn1988m-words5#@pn1988m#00:08:38.838#00:08:39.180
427	по	_	_	_	_	_	_	_	@pn1988m-words5#@pn1988m#00:08:39.180#00:08:39.522
428	его	_	_	_	_	_	_	_	@pn1988m-words5#@pn1988m#00:08:39.522#00:08:39.864
429	воспоминаниям	_	_	_	_	_	_	_	@pn1988m-words5#@pn1988m#00:08:39.864#00:08:40.206
430	она	_	_	_	_	_	_	_	@pn1988m-words5#@pn1988m#00:08:40.206#00:08:40.548
431	очень	_	_	_	_	_	_	_	@pn1988m-words5#@pn1988m#00:08:40.548#00:08:40.890
432	много	_	_	_	_	_	_	_	@pn1988m-words5#@pn1988m#00:08:40.890#00:08:41.232
433	пила	_	_	_	_	_	_	_	@pn1988m-words5#@pn1988m#00:08:41.232#00:08:41.574
434	когда	_	_	_	_	_	_	_	@pn1988m-words5#@pn1988m#00:08:41.574#00:08:41.916
435	пила	_	_	_	_	_	_	_	@pn1988m-words5#@pn1988m#00:08:41.916#00:08:42.258
436	теряла	_	_	_	_	_	_	_	@pn1988m-words5#@pn1988m#00:08:42.258#00:08:42.600
437	контроль	_	_	_	_	_	_	_	@pn1988m-words5#@pn1988m#00:08:42.600#00:08:42.942
438	терялась	_	_	_	_	_	_	_	@pn1988m-words5#@pn1988m#00:08:42.942#00:08:43.284
439	в	_	_	_	_	_	_	_	@pn1988m-words5#@pn1988m#00:08:43.284#00:08:43.626
440	городах	_	_	_	_	_	_	_	@pn1988m-words5#@pn1988m#00:08:43.626#00:08:43.968
441	и	_	_	_	_	_	_	_	@pn1988m-words5#@pn1988m#00:08:43.968#00:08:44.310
442	в	_	_	_	_	_	_	_	@pn1988m-words5#@pn1988m#00:08:44.310#00:08:44.652
443	общем	_	_	_	_	_	_	_	@pn1988m-words5#@pn1988m#00:08:44.652#00:08:44.994
444	он	_	_	_	_	_	_	_	@pn1988m-words5#@pn1988m#00:08:44.994#00:08:45.336
445	ее	_	_	_	_	_	_	_	@pn1988m-words5#@pn1988m#00:08:45.336#00:08:45.678
446	искал	_	_	_	_	_	_	_	@pn1988m-words5#@pn1988m#00:08:45.678#00:08:46.020
447	и	_	_	_	_	_	_	_	@pn1988m-words5#@pn1988m#00:08:46.020#00:08:46.362
448	это	_	_	_	_	_	_	_	@pn1988m-words5#@pn1988m#00:08:46.362#00:08:46.704
449	была	_	_	_	_	_	_	_	@pn1988m-words5#@pn1988m#00:08:46.704#00:08:47.046
450	отдельная	_	_	_	_	_	_	_	@pn1988m-words5#@pn1988m#00:08:47.046#00:08:47.388
451	в	_	_	_	_	_	_	_	@pn1988m-words5#@pn1988m#00:08:47.388#00:08:47.730
452	общем	_	_	_	_	_	_	_	@pn1988m-words5#@pn1988m#00:08:47.730#00:08:48.072
453	его	_	_	_	_	_	_	_	@pn1988m-words5#@pn1988m#00:08:48.072#00:08:48.414
454	/	_	_	_	_	_	_	_	@pn1988m-words5#@pn1988m#00:08:48.414#00:08:48.756
455	часть	_	_	_	_	_	_	_	@pn1988m-words5#@pn1988m#00:08:48.756#00:08:49.098
456	жизни	_	_	_	_	_	_	_	@pn1988m-words5#@pn1988m#00:08:49.098#00:08:49.440
457	которая	_	_	_	_	_	_	_	@pn1988m-words5#@pn1988m#00:08:49.440#00:08:49.782
458	давала	_	_	_	_	_	_	_	@pn1988m-words5#@pn1988m#00:08:49.782#00:08:50.124
459	ему	_	_	_	_	_	_	_	@pn1988m-words5#@pn1988m#00:08:50.124#00:08:50.466
460	какой-то	_	_	_	_	_	_	_	@pn1988m-words5#@pn1988m#00:08:50.466#00:08:50.808
461	смысл	_	_	_	_	_	_	_	@pn1988m-words5#@pn1988m#00:08:50.808#00:08:51.150
462	/	_	_	_	_	_	_	_	@pn1988m-words5#@pn1988m#00:08:51.150#00:08:51.492
463	ее	_	_	_	_	_	_	_	@pn1988m-words5#@pn1988m#00:08:51.492#00:08:51.834
464	искать	_	_	_	_	_	_	_	@pn1988m-words5#@pn1988m#00:08:51.834#00:08:52.176
465	/	_	_	_	_	_	_	_	@pn1988m-words5#@pn1988m#00:08:52.176#00:08:52.518
466	и	_	_	_	_	_	_	_	@pn1988m-words5#@pn1988m#00:08:52.518#00:08:52.860
467	вот	_	_	_	_	_	_	_	@pn1988m-words5#@pn1988m#00:08:52.860#00:08:53.202
468	он	_	_	_	_	_	_	_	@pn1988m-words5#@pn1988m#00:08:53.202#00:08:53.544
469	значит	_	_	_	_	_	_	_	@pn1988m-words5#@pn1988m#00:08:53.544#00:08:53.886
470	приезжает	_	_	_	_	_	_	_	@pn1988m-words5#@pn1988m#00:08:53.886#00:08:54.228
471	и	_	_	_	_	_	_	_	@pn1988m-words5#@pn1988m#00:08:54.228#00:08:54.570
472	он	_	_	_	_	_	_	_	@pn1988m-words5#@pn1988m#00:08:54.570#00:08:54.912
473	видит	_	_	_	_	_	_	_	@pn1988m-words5#@pn1988m#00:08:54.912#00:08:55.254
474	в	_	_	_	_	_	_	_	@pn1988m-words5#@pn1988m#00:08:55.254#00:08:55.596
475	каком	_	_	_	_	_	_	_	@pn1988m-words5#@pn1988m#00:08:55.596#00:08:55.938
476	п****це	_	_	_	_	_	_	_	@pn1988m-words5#@pn1988m#00:08:55.938#00:08:56.280
477	находится	_	_	_	_	_	_	_	@pn1988m-words5#@pn1988m#00:08:56.280#00:08:56.622
478	советский	_	_	_	_	_	_	_	@pn1988m-words5#@pn1988m#00:08:56.622#00:08:56.964
479	союз	_	_	_	_	_	_	_	@pn1988m-words5#@pn1988m#00:08:56.964#00:08:57.306
480	после	_	_	_	_	_	_	_	@pn1988m-words5#@pn1988m#00:08:57.306#00:08:57.648
481	собсна	_	_	_	_	_	_	_	@pn1988m-words5#@pn1988m#00:08:57.648#00:08:57.990
482	его	_	_	_	_	_	_	_	@pn1988m-words5#@pn1988m#00:08:57.990#00:08:58.332
483	отъезда	_	_	_	_	_	_	_	@pn1988m-words5#@pn1988m#00:08:58.332#00:08:58.674
484	он	_	_	_	_	_	_	_	@pn1988m-words5#@pn1988m#00:08:58.674#00:08:59.016
485	видит	_	_	_	_	_	_	_	@pn1988m-words5#@pn1988m#00:08:59.016#00:08:59.358
486	как	_	_	_	_	_	_	_	@pn1988m-words5#@pn1988m#00:08:59.358#00:08:59.700
487	все	_	_	_	_	_	_	_	@pn1988m-words5#@pn1988m#00:08:59.700#00:09:00.042
488	оно	_	_	_	_	_	_	_	@pn1988m-words5#@pn1988m#00:09:00.042#00:09:00.384
489	рушится	_	_	_	_	_	_	_	@pn1988m-words5#@pn1988m#00:09:00.384#00:09:00.726
490	он	_	_	_	_	_	_	_	@pn1988m-words5#@pn1988m#00:09:00.726#00:09:01.068
491	видит	_	_	_	_	_	_	_	@pn1988m-words5#@pn1988m#00:09:01.068#00:09:01.410
492	грязь	_	_	_	_	_	_	_	@pn1988m-words5#@pn1988m#00:09:01.410#00:09:01.752
493	он	_	_	_	_	_	_	_	@pn1988m-words5#@pn1988m#00:09:01.752#00:09:02.094
494	видит	_	_	_	_	_	_	_	@pn1988m-words5#@pn1988m#00:09:02.094#00:09:02.436
495	что	_	_	_	_	_	_	_	@pn1988m-words5#@pn1988m#00:09:02.436#00:09:02.778
496	что	_	_	_	_	_	_	_	@pn1988m-words5#@pn1988m#00:09:02.778#00:09:03.120
497	у	_	_	_	_	_	_	_	@pn1988m-words5#@pn1988m#00:09:03.120#00:09:03.462
498	людей	_	_	_	_	_	_	_	@pn1988m-words5#@pn1988m#00:09:03.462#00:09:03.804
499	не	_	_	_	_	_	_	_	@pn1988m-words5#@pn1988m#00:09:03.804#00:09:04.146
500	хватает	_	_	_	_	_	_	_	@pn1988m-words5#@pn1988m#00:09:04.146#00:09:04.488
501	денег	_	_	_	_	_	_	_	@pn1988m-words5#@pn1988m#00:09:04.488#00:09:04.830
502	уже	_	_	_	_	_	_	_	@pn1988m-words5#@pn1988m#00:09:04.830#00:09:05.172
503	он	_	_	_	_	_	_	_	@pn1988m-words5#@pn1988m#00:09:05.172#00:09:05.514
504	видит	_	_	_	_	_	_	_	@pn1988m-words5#@pn1988m#00:09:05.514#00:09:05.856
505	людей	_	_	_	_	_	_	_	@pn1988m-words5#@pn1988m#00:09:05.856#00:09:06.198
506	злых	_	_	_	_	_	_	_	@pn1988m-words5#@pn1988m#00:09:06.198#00:09:06.540
507	он	_	_	_	_	_	_	_	@pn1988m-words5#@pn1988m#00:09:06.540#00:09:06.882
508	видит	_	_	_	_	_	_	_	@pn1988m-words5#@pn1988m#00:09:06.882#00:09:07.224
509	что	_	_	_	_	_	_	_	@pn1988m-words5#@pn1988m#00:09:07.224#00:09:07.566
510	при	_	_	_	_	_	_	_	@pn1988m-words5#@pn1988m#00:09:07.566#00:09:07.908
511	этом	_	_	_	_	_	_	_	@pn1988m-words5#@pn1988m#00:09:07.908#00:09:08.250
512	эээ	_	_	_	_	_	_	_	@pn1988m-words5#@pn1988m#00:09:08.250#00:09:08.592
513	по	_	_	_	_	_	_	_	@pn1988m-words5#@pn1988m#00:09:08.592#00:09:08.934
514	его	_	_	_	_	_	_	_	@pn1988m-words5#@pn1988m#00:09:08.934#00:09:09.276
515	мнению	_	_	_	_	_	_	_	@pn1988m-words5#@pn1988m#00:09:09.276#00:09:09.618
516	людям	_	_	_	_	_	_	_	@pn1988m-words5#@pn1988m#00:09:09.618#00:09:09.960
517	просто	_	_	_	_	_	_	_	@pn1988m-words5#@pn1988m#00:09:09.960#00:09:10.302
518	/	_	_	_	_	_	_	_	@pn1988m-words5#@pn1988m#00:09:10.302#00:09:10.644
519	людям	_	_	_	_	_	_	_	@pn1988m-words5#@pn1988m#00:09:10.644#00:09:10.986
520	врут	_	_	_	_	_	_	_	@pn1988m-words5#@pn1988m#00:09:10.986#00:09:11.328
521	с	_	_	_	_	_	_	_	@pn1988m-words5#@pn1988m#00:09:11.328#00:09:11.670
522	экранов	_	_	_	_	_	_	_	@pn1988m-words5#@pn1988m#00:09:11.670#00:09:12.012
523	телевизоров	_	_	_	_	_	_	_	@pn1988m-words5#@pn1988m#00:09:12.012#00:09:12.354
524	потому	_	_	_	_	_	_	_	@pn1988m-words5#@pn1988m#00:09:12.354#00:09:12.696
525	что	_	_	_	_	_	_	_	@pn1988m-words5#@pn1988m#00:09:12.696#00:09:13.038
526	гласность	_	_	_	_	_	_	_	@pn1988m-words5#@pn1988m#00:09:13.038#00:09:13.380
527	или	_	_	_	_	_	_	_	@pn1988m-words5#@pn1988m#00:09:13.380#00:09:13.722
528	ими	_	_	_	_	_	_	_	@pn1988m-words5#@pn1988m#00:09:13.722#00:09:14.064
529	манипулируют	_	_	_	_	_	_	_	@pn1988m-words5#@pn1988m#00:09:14.064#00:09:14.406
530	и	_	_	_	_	_	_	_	@pn1988m-words5#@pn1988m#00:09:14.406#00:09:14.748
531	при	_	_	_	_	_	_	_	@pn1988m-words5#@pn1988m#00:09:14.748#00:09:15.090
532	этом	_	_	_	_	_	_	_	@pn1988m-words5#@pn1988m#00:09:15.090#00:09:15.432
533	все	_	_	_	_	_	_	_	@pn1988m-words5#@pn1988m#00:09:15.432#00:09:15.774
534	это	_	_	_	_	_	_	_	@pn1988m-words5#@pn1988m#00:09:15.774#00:09:16.116
535	происходит	_	_	_	_	_	_	_	@pn1988m-words5#@pn1988m#00:09:16.116#00:09:16.458
536	за	_	_	_	_	_	_	_	@pn1988m-words5#@pn1988m#00:09:16.458#00:09:16.800
537	банкетом	_	_	_	_	_	_	_	@pn1988m-words5#@pn1988m#00:09:16.800#00:09:17.142
538	/	_	_	_	_	_	_	_	@pn1988m-words5#@pn1988m#00:09:17.142#00:09:17.484
539	и	_	_	_	_	_	_	_	@pn1988m-words5#@pn1988m#00:09:17.484#00:09:17.826
540	при	_	_	_	_	_	_	_	@pn1988m-words5#@pn1988m#00:09:17.826#00:09:18.168
541	этом	_	_	_	_	_	_	_	@pn1988m-words5#@pn1988m#00:09:18.168#00:09:18.510
542	вся	_	_	_	_	_	_	_	@pn1988m-words5#@pn1988m#00:09:18.510#00:09:18.852
543	эта	_	_	_	_	_	_	_	@pn1988m-words5#@pn1988m#00:09:18.852#00:09:19.194
544	рефлексия	_	_	_	_	_	_	_	@pn1988m-words5#@pn1988m#00:09:19.194#00:09:19.536
545	происходит	_	_	_	_	_	_	_	@pn1988m-words5#@pn1988m#00:09:19.536#00:09:19.878
546	при	_	_	_	_	_	_	_	@pn1988m-words5#@pn1988m#00:09:19.878#00:09:20.220
547	участии	_	_	_	_	_	_	_	@pn1988m-words5#@pn1988m#00:09:20.220#00:09:20.562
548	Вилли	_	_	_	_	_	_	_	@pn1988m-words5#@pn1988m#00:09:20.562#00:09:20.904
549	Токарева	_	_	_	_	_	_	_	@pn1988m-words5#@pn1988m#00:09:20.904#00:09:21.246
550	который	_	_	_	_	_	_	_	@pn1988m-words5#@pn1988m#00:09:21.246#00:09:21.588
551	занимается	_	_	_	_	_	_	_	@pn1988m-words5#@pn1988m#00:09:21.588#00:09:21.930
552	тем	_	_	_	_	_	_	_	@pn1988m-words5#@pn1988m#00:09:21.930#00:09:22.272
553	что	_	_	_	_	_	_	_	@pn1988m-words5#@pn1988m#00:09:22.272#00:09:22.614
554	мрачно	_	_	_	_	_	_	_	@pn1988m-words5#@pn1988m#00:09:22.614#00:09:22.956
555	и	_	_	_	_	_	_	_	@pn1988m-words5#@pn1988m#00:09:22.956#00:09:23.298
556	сладко	_	_	_	_	_	_	_	@pn1988m-words5#@pn1988m#00:09:23.298#00:09:23.640
557	бухает	_	_	_	_	_	_	_	@pn1988m-words5#@pn1988m#00:09:23.640#00:09:23.982
558	иии	_	_	_	_	_	_	_	@pn1988m-words5#@pn1988m#00:09:23.982#00:09:24.324
559	обнимает	_	_	_	_	_	_	_	@pn1988m-words5#@pn1988m#00:09:24.324#00:09:24.666
560	какое-то	_	_	_	_	_	_	_	@pn1988m-words5#@pn1988m#00:09:24.666#00:09:25.008
561	колличество	_	_	_	_	_	_	_	@pn1988m-words5#@pn1988m#00:09:25.008#00:09:25.350
562	фанаток	_	_	_	_	_	_	_	@pn1988m-words5#@pn1988m#00:09:25.350#00:09:25.692
563	то	_	_	_	_	_	_	_	@pn1988m-words5#@pn1988m#00:09:25.692#00:09:26.034
564	есть	_	_	_	_	_	_	_	@pn1988m-words5#@pn1988m#00:09:26.034#00:09:26.376
565	абсолютный	_	_	_	_	_	_	_	@pn1988m-words5#@pn1988m#00:09:26.376#00:09:26.718
566	какой-то	_	_	_	_	_	_	_	@pn1988m-words5#@pn1988m#00:09:26.718#00:09:27.060
567	сюр	_	_	_	_	_	_	_	@pn1988m-words5#@pn1988m#00:09:27.060#00:09:27.402
568	вот	_	_	_	_	_	_	_	@pn1988m-words5#@pn1988m#00:09:27.402#00:09:27.744
569	это	_	_	_	_	_	_	_	@pn1988m-words5#@pn1988m#00:09:27.744#00:09:28.086
570	книга	_	_	_	_	_	_	_	@pn1988m-words5#@pn1988m#00:09:28.086#00:09:28.428
571	Иностраенец	_	_	_	_	_	_	_	@pn1988m-words5#@pn1988m#00:09:28.428#00:09:28.770
572	в	_	_	_	_	_	_	_	@pn1988m-words5#@pn1988m#00:09:28.770#00:09:29.112
573	смутное	_	_	_	_	_	_	_	@pn1988m-words5#@pn1988m#00:09:29.112#00:09:29.454
574	временя	_	_	_	_	_	_	_	@pn1988m-words5#@pn1988m#00:09:29.454#00:09:29.796
575	/	_	_	_	_	_	_	_	@pn1988m-words5#@pn1988m#00:09:29.796#00:09:30.138
576	значит	_	_	_	_	_	_	_	@pn1988m-words5#@pn1988m#00:09:30.138#00:09:30.480
577	э	_	_	_	_	_	_	_	@pn1988m-words5#@pn1988m#00:09:30.480#00:09:30.822
578	/	_	_	_	_	_	_	_	@pn1988m-words5#@pn1988m#00:09:30.822#00:09:31.164
579	иии	_	_	_	_	_	_	_	@pn1988m-words5#@pn1988m#00:09:31.164#00:09:31.506
580	он	_	_	_	_	_	_	_	@pn1988m-words5#@pn1988m#00:09:31.506#00:09:31.848
581	начинает	_	_	_	_	_	_	_	@pn1988m-words5#@pn1988m#00:09:31.848#00:09:32.190
582	подумывать	_	_	_	_	_	_	_	@pn1988m-words5#@pn1988m#00:09:32.190#00:09:32.532
583	о	_	_	_	_	_	_	_	@pn1988m-words5#@pn1988m#00:09:32.532#00:09:32.874
584	том	_	_	_	_	_	_	_	@pn1988m-words5#@pn1988m#00:09:32.874#00:09:33.216
585	чтоб	_	_	_	_	_	_	_	@pn1988m-words5#@pn1988m#00:09:33.216#00:09:33.558
586	вернуться	_	_	_	_	_	_	_	@pn1988m-words5#@pn1988m#00:09:33.558#00:09:33.900
587	/	_	_	_	_	_	_	_	@pn1988m-words5#@pn1988m#00:09:33.900#00:09:34.242
588	ии	_	_	_	_	_	_	_	@pn1988m-words5#@pn1988m#00:09:34.242#00:09:34.584
589	/	_	_	_	_	_	_	_	@pn1988m-words5#@pn1988m#00:09:34.584#00:09:34.926
590	в	_	_	_	_	_	_	_	@pn1988m-words5#@pn1988m#00:09:34.926#00:09:35.268
591	девяностые	_	_	_	_	_	_	_	@pn1988m-words5#@pn1988m#00:09:35.268#00:09:35.610
592	он	_	_	_	_	_	_	_	@pn1988m-words5#@pn1988m#00:09:35.610#00:09:35.952
593	начинает	_	_	_	_	_	_	_	@pn1988m-words5#@pn1988m#00:09:35.952#00:09:36.294
594	наездами	_	_	_	_	_	_	_	@pn1988m-words5#@pn1988m#00:09:36.294#00:09:36.636
595	приезжать	_	_	_	_	_	_	_	@pn1988m-words5#@pn1988m#00:09:36.636#00:09:36.978
596	точечно	_	_	_	_	_	_	_	@pn1988m-words5#@pn1988m#00:09:36.978#00:09:37.320
597	в	_	_	_	_	_	_	_	@pn1988m-words5#@pn1988m#00:09:37.320#00:09:37.662
598	москву	_	_	_	_	_	_	_	@pn1988m-words5#@pn1988m#00:09:37.662#00:09:38.004
599	и	_	_	_	_	_	_	_	@pn1988m-words5#@pn1988m#00:09:38.004#00:09:38.346
600	он	_	_	_	_	_	_	_	@pn1988m-words5#@pn1988m#00:09:38.346#00:09:38.688
601	понимает	_	_	_	_	_	_	_	@pn1988m-words5#@pn1988m#00:09:38.688#00:09:39.030
602	что	_	_	_	_	_	_	_	@pn1988m-words5#@pn1988m#00:09:39.030#00:09:39.372
603	/	_	_	_	_	_	_	_	@pn1988m-words5#@pn1988m#00:09:39.372#00:09:39.714
604	вот	_	_	_	_	_	_	_	@pn1988m-words5#@pn1988m#00:09:39.714#00:09:40.056
605	все	_	_	_	_	_	_	_	@pn1988m-words5#@pn1988m#00:09:40.056#00:09:40.398
606	советский	_	_	_	_	_	_	_	@pn1988m-words5#@pn1988m#00:09:40.398#00:09:40.740
607	союз	_	_	_	_	_	_	_	@pn1988m-words5#@pn1988m#00:09:40.740#00:09:41.082
608	распадается	_	_	_	_	_	_	_	@pn1988m-words5#@pn1988m#00:09:41.082#00:09:41.424
609	надо	_	_	_	_	_	_	_	@pn1988m-words5#@pn1988m#00:09:41.424#00:09:41.766
610	что-то	_	_	_	_	_	_	_	@pn1988m-words5#@pn1988m#00:09:41.766#00:09:42.108
611	делать	_	_	_	_	_	_	_	@pn1988m-words5#@pn1988m#00:09:42.108#00:09:42.450
612	плюс	_	_	_	_	_	_	_	@pn1988m-words5#@pn1988m#00:09:42.450#00:09:42.792
613	/	_	_	_	_	_	_	_	@pn1988m-words5#@pn1988m#00:09:42.792#00:09:43.134
614	очередное	_	_	_	_	_	_	_	@pn1988m-words5#@pn1988m#00:09:43.134#00:09:43.476
615	охлаждение	_	_	_	_	_	_	_	@pn1988m-words5#@pn1988m#00:09:43.476#00:09:43.818
616	отношений	_	_	_	_	_	_	_	@pn1988m-words5#@pn1988m#00:09:43.818#00:09:44.160
617	с	_	_	_	_	_	_	_	@pn1988m-words5#@pn1988m#00:09:44.160#00:09:44.502
618	женой	_	_	_	_	_	_	_	@pn1988m-words5#@pn1988m#00:09:44.502#00:09:44.844
619	совпадает	_	_	_	_	_	_	_	@pn1988m-words5#@pn1988m#00:09:44.844#00:09:45.186
620	с	_	_	_	_	_	_	_	@pn1988m-words5#@pn1988m#00:09:45.186#00:09:45.528
621	югославскими	_	_	_	_	_	_	_	@pn1988m-words5#@pn1988m#00:09:45.528#00:09:45.870
622	конфликтами	_	_	_	_	_	_	_	@pn1988m-words5#@pn1988m#00:09:45.870#00:09:46.212
623	и	_	_	_	_	_	_	_	@pn1988m-words5#@pn1988m#00:09:46.212#00:09:46.554
624	он	_	_	_	_	_	_	_	@pn1988m-words5#@pn1988m#00:09:46.554#00:09:46.896
625	просто	_	_	_	_	_	_	_	@pn1988m-words5#@pn1988m#00:09:46.896#00:09:47.238
626	реально	_	_	_	_	_	_	_	@pn1988m-words5#@pn1988m#00:09:47.238#00:09:47.580
627	бежит	_	_	_	_	_	_	_	@pn1988m-words5#@pn1988m#00:09:47.580#00:09:47.922
628	от	_	_	_	_	_	_	_	@pn1988m-words5#@pn1988m#00:09:47.922#00:09:48.264
629	домашних	_	_	_	_	_	_	_	@pn1988m-words5#@pn1988m#00:09:48.264#00:09:48.606
630	проблем	_	_	_	_	_	_	_	@pn1988m-words5#@pn1988m#00:09:48.606#00:09:48.948
631	на	_	_	_	_	_	_	_	@pn1988m-words5#@pn1988m#00:09:48.948#00:09:49.290
632	фронт	_	_	_	_	_	_	_	@pn1988m-words5#@pn1988m#00:09:49.290#00:09:49.632
633	/	_	_	_	_	_	_	_	@pn1988m-words5#@pn1988m#00:09:49.632#00:09:49.974
634	он	_	_	_	_	_	_	_	@pn1988m-words5#@pn1988m#00:09:49.974#00:09:50.316
635	не	_	_	_	_	_	_	_	@pn1988m-words5#@pn1988m#00:09:50.316#00:09:50.658
636	то	_	_	_	_	_	_	_	@pn1988m-words5#@pn1988m#00:09:50.658#00:09:51.000
637	чтобы	_	_	_	_	_	_	_	@pn1988m-words5#@pn1988m#00:09:51.000#00:09:51.342
638	воюет	_	_	_	_	_	_	_	@pn1988m-words5#@pn1988m#00:09:51.342#00:09:51.684
639	он	_	_	_	_	_	_	_	@pn1988m-words5#@pn1988m#00:09:51.684#00:09:52.026
640	военный	_	_	_	_	_	_	_	@pn1988m-words5#@pn1988m#00:09:52.026#00:09:52.368
641	журналист	_	_	_	_	_	_	_	@pn1988m-words5#@pn1988m#00:09:52.368#00:09:52.710
642	но	_	_	_	_	_	_	_	@pn1988m-words5#@pn1988m#00:09:52.710#00:09:53.052
643	у	_	_	_	_	_	_	_	@pn1988m-words5#@pn1988m#00:09:53.052#00:09:53.394
644	него	_	_	_	_	_	_	_	@pn1988m-words5#@pn1988m#00:09:53.394#00:09:53.736
645	есть	_	_	_	_	_	_	_	@pn1988m-words5#@pn1988m#00:09:53.736#00:09:54.078
646	оружие	_	_	_	_	_	_	_	@pn1988m-words5#@pn1988m#00:09:54.078#00:09:54.420
647	/	_	_	_	_	_	_	_	@pn1988m-words5#@pn1988m#00:09:54.420#00:09:54.762
648	и	_	_	_	_	_	_	_	@pn1988m-words5#@pn1988m#00:09:54.762#00:09:55.104
649	он	_	_	_	_	_	_	_	@pn1988m-words5#@pn1988m#00:09:55.104#00:09:55.446
650	знакомится	_	_	_	_	_	_	_	@pn1988m-words5#@pn1988m#00:09:55.446#00:09:55.788
651	с	_	_	_	_	_	_	_	@pn1988m-words5#@pn1988m#00:09:55.788#00:09:56.130
652	очень	_	_	_	_	_	_	_	@pn1988m-words5#@pn1988m#00:09:56.130#00:09:56.472
653	интересными	_	_	_	_	_	_	_	@pn1988m-words5#@pn1988m#00:09:56.472#00:09:56.814
654	людьми	_	_	_	_	_	_	_	@pn1988m-words5#@pn1988m#00:09:56.814#00:09:57.156
655	чем	_	_	_	_	_	_	_	@pn1988m-words5#@pn1988m#00:09:57.156#00:09:57.498
656	он	_	_	_	_	_	_	_	@pn1988m-words5#@pn1988m#00:09:57.498#00:09:57.840
657	будет	_	_	_	_	_	_	_	@pn1988m-words5#@pn1988m#00:09:57.840#00:09:58.182
658	козырять	_	_	_	_	_	_	_	@pn1988m-words5#@pn1988m#00:09:58.182#00:09:58.524
659	потом	_	_	_	_	_	_	_	@pn1988m-words5#@pn1988m#00:09:58.524#00:09:58.866
660	постоянно	_	_	_	_	_	_	_	@pn1988m-words5#@pn1988m#00:09:58.866#00:09:59.208
661	/	_	_	_	_	_	_	_	@pn1988m-words5#@pn1988m#00:09:59.208#00:09:59.550
662	да,	_	_	_	_	_	_	_	@pn1988m-words5#@pn1988m#00:09:59.550#00:09:59.892
663	он	_	_	_	_	_	_	_	@pn1988m-words5#@pn1988m#00:09:59.892#00:10:00.234
664	знакомится	_	_	_	_	_	_	_	@pn1988m-words5#@pn1988m#00:10:00.234#00:10:00.576
665	то	_	_	_	_	_	_	_	@pn1988m-words5#@pn1988m#00:10:00.576#00:10:00.918
666	есть	_	_	_	_	_	_	_	@pn1988m-words5#@pn1988m#00:10:00.918#00:10:01.260
667	с	_	_	_	_	_	_	_	@pn1988m-words5#@pn1988m#00:10:01.260#00:10:01.602
668	Радованом	_	_	_	_	_	_	_	@pn1988m-words5#@pn1988m#00:10:01.602#00:10:01.944
669	Караджичем	_	_	_	_	_	_	_	@pn1988m-words5#@pn1988m#00:10:01.944#00:10:02.286
670	/	_	_	_	_	_	_	_	@pn1988m-words5#@pn1988m#00:10:02.286#00:10:02.628
671	есть	_	_	_	_	_	_	_	@pn1988m-words5#@pn1988m#00:10:02.628#00:10:02.970
672	даже	_	_	_	_	_	_	_	@pn1988m-words5#@pn1988m#00:10:02.970#00:10:03.312
673	видео	_	_	_	_	_	_	_	@pn1988m-words5#@pn1988m#00:10:03.312#00:10:03.654
674	то	_	_	_	_	_	_	_	@pn1988m-words5#@pn1988m#00:10:03.654#00:10:03.996
675	что	_	_	_	_	_	_	_	@pn1988m-words5#@pn1988m#00:10:03.996#00:10:04.338
676	известное	_	_	_	_	_	_	_	@pn1988m-words5#@pn1988m#00:10:04.338#00:10:04.680
677	видео	_	_	_	_	_	_	_	@pn1988m-words5#@pn1988m#00:10:04.680#00:10:05.022
678	где	_	_	_	_	_	_	_	@pn1988m-words5#@pn1988m#00:10:05.022#00:10:05.364
679	Лимонов	_	_	_	_	_	_	_	@pn1988m-words5#@pn1988m#00:10:05.364#00:10:05.706
680	стреляет	_	_	_	_	_	_	_	@pn1988m-words5#@pn1988m#00:10:05.706#00:10:06.048
681	из	_	_	_	_	_	_	_	@pn1988m-words5#@pn1988m#00:10:06.048#00:10:06.390
682	пулемета	_	_	_	_	_	_	_	@pn1988m-words5#@pn1988m#00:10:06.390#00:10:06.732
683	в	_	_	_	_	_	_	_	@pn1988m-words5#@pn1988m#00:10:06.732#00:10:07.074
684	сторону	_	_	_	_	_	_	_	@pn1988m-words5#@pn1988m#00:10:07.074#00:10:07.416
685	Сараево	_	_	_	_	_	_	_	@pn1988m-words5#@pn1988m#00:10:07.416#00:10:07.758
686	это	_	_	_	_	_	_	_	@pn1988m-words5#@pn1988m#00:10:07.758#00:10:08.100
687	видео	_	_	_	_	_	_	_	@pn1988m-words5#@pn1988m#00:10:08.100#00:10:08.442
688	/	_	_	_	_	_	_	_	@pn1988m-words5#@pn1988m#00:10:08.442#00:10:08.784
689	у	_	_	_	_	_	_	_	@pn1988m-words5#@pn1988m#00:10:08.784#00:10:09.126
690	него	_	_	_	_	_	_	_	@pn1988m-words5#@pn1988m#00:10:09.126#00:10:09.468
691	очень	_	_	_	_	_	_	_	@pn1988m-words5#@pn1988m#00:10:09.468#00:10:09.810
692	интересная	_	_	_	_	_	_	_	@pn1988m-words5#@pn1988m#00:10:09.810#00:10:10.152
693	история	_	_	_	_	_	_	_	@pn1988m-words5#@pn1988m#00:10:10.152#00:10:10.494
694	если	_	_	_	_	_	_	_	@pn1988m-words5#@pn1988m#00:10:10.494#00:10:10.836
695	мы	_	_	_	_	_	_	_	@pn1988m-words5#@pn1988m#00:10:10.836#00:10:11.178
696	понимаем,	_	_	_	_	_	_	_	@pn1988m-words5#@pn1988m#00:10:11.178#00:10:11.520
697	как	_	_	_	_	_	_	_	@pn1988m-words5#@pn1988m#00:10:11.520#00:10:11.862
698	оно	_	_	_	_	_	_	_	@pn1988m-words5#@pn1988m#00:10:11.862#00:10:12.204
699	снято	_	_	_	_	_	_	_	@pn1988m-words5#@pn1988m#00:10:12.204#00:10:12.546
700	/	_	_	_	_	_	_	_	@pn1988m-words5#@pn1988m#00:10:12.546#00:10:12.888
701	это	_	_	_	_	_	_	_	@pn1988m-words5#@pn1988m#00:10:12.888#00:10:13.230
702	видео	_	_	_	_	_	_	_	@pn1988m-words5#@pn1988m#00:10:13.230#00:10:13.572
703	снял	_	_	_	_	_	_	_	@pn1988m-words5#@pn1988m#00:10:13.572#00:10:13.914
704	Павел	_	_	_	_	_	_	_	@pn1988m-words5#@pn1988m#00:10:13.914#00:10:14.256
705	Павликовский	_	_	_	_	_	_	_	@pn1988m-words5#@pn1988m#00:10:14.256#00:10:14.598
706	/	_	_	_	_	_	_	_	@pn1988m-words5#@pn1988m#00:10:14.598#00:10:14.940
707	это	_	_	_	_	_	_	_	@pn1988m-words5#@pn1988m#00:10:14.940#00:10:15.282
708	последний	_	_	_	_	_	_	_	@pn1988m-words5#@pn1988m#00:10:15.282#00:10:15.624
709	оскар	_	_	_	_	_	_	_	@pn1988m-words5#@pn1988m#00:10:15.624#00:10:15.966
710	по-моему	_	_	_	_	_	_	_	@pn1988m-words5#@pn1988m#00:10:15.966#00:10:16.308
711	предпоследний	_	_	_	_	_	_	_	@pn1988m-words5#@pn1988m#00:10:16.308#00:10:16.650
712	оскар,	_	_	_	_	_	_	_	@pn1988m-words5#@pn1988m#00:10:16.650#00:10:16.992
713	да?	_	_	_	_	_	_	_	@pn1988m-words5#@pn1988m#00:10:16.992#00:10:17.334
714	Ида	_	_	_	_	_	_	_	@pn1988m-words5#@pn1988m#00:10:17.334#00:10:17.676
715	/	_	_	_	_	_	_	_	@pn1988m-words5#@pn1988m#00:10:17.676#00:10:18.018
716	вот	_	_	_	_	_	_	_	@pn1988m-words5#@pn1988m#00:10:18.018#00:10:18.360
717	Павликовский	_	_	_	_	_	_	_	@pn1988m-words5#@pn1988m#00:10:18.360#00:10:18.702
718	снял	_	_	_	_	_	_	_	@pn1988m-words5#@pn1988m#00:10:18.702#00:10:19.044
719	какое-то	_	_	_	_	_	_	_	@pn1988m-words5#@pn1988m#00:10:19.044#00:10:19.386
720	безмное	_	_	_	_	_	_	_	@pn1988m-words5#@pn1988m#00:10:19.386#00:10:19.728
721	колличество	_	_	_	_	_	_	_	@pn1988m-words5#@pn1988m#00:10:19.728#00:10:20.070
722	фильмов	_	_	_	_	_	_	_	@pn1988m-words5#@pn1988m#00:10:20.070#00:10:20.412
723	про	_	_	_	_	_	_	_	@pn1988m-words5#@pn1988m#00:10:20.412#00:10:20.754
724	Россию	_	_	_	_	_	_	_	@pn1988m-words5#@pn1988m#00:10:20.754#00:10:21.096
725	/	_	_	_	_	_	_	_	@pn1988m-words5#@pn1988m#00:10:21.096#00:10:21.438
726	документальных	_	_	_	_	_	_	_	@pn1988m-words5#@pn1988m#00:10:21.438#00:10:21.780
727	/	_	_	_	_	_	_	_	@pn1988m-words5#@pn1988m#00:10:21.780#00:10:22.122
728	вот	_	_	_	_	_	_	_	@pn1988m-words5#@pn1988m#00:10:22.122#00:10:22.464
729	один	_	_	_	_	_	_	_	@pn1988m-words5#@pn1988m#00:10:22.464#00:10:22.806
730	из	_	_	_	_	_	_	_	@pn1988m-words5#@pn1988m#00:10:22.806#00:10:23.148
731	фильмов	_	_	_	_	_	_	_	@pn1988m-words5#@pn1988m#00:10:23.148#00:10:23.490
732	у	_	_	_	_	_	_	_	@pn1988m-words5#@pn1988m#00:10:23.490#00:10:23.832
733	него	_	_	_	_	_	_	_	@pn1988m-words5#@pn1988m#00:10:23.832#00:10:24.174
734	есть	_	_	_	_	_	_	_	@pn1988m-words5#@pn1988m#00:10:24.174#00:10:24.516
735	про	_	_	_	_	_	_	_	@pn1988m-words5#@pn1988m#00:10:24.516#00:10:24.858
736	Югославию	_	_	_	_	_	_	_	@pn1988m-words5#@pn1988m#00:10:24.858#00:10:25.200
737	вот	_	_	_	_	_	_	_	@pn1988m-words5#@pn1988m#00:10:25.200#00:10:25.542
738	где	_	_	_	_	_	_	_	@pn1988m-words5#@pn1988m#00:10:25.542#00:10:25.884
739	собственно	_	_	_	_	_	_	_	@pn1988m-words5#@pn1988m#00:10:25.884#00:10:26.226
740	Павликовский	_	_	_	_	_	_	_	@pn1988m-words5#@pn1988m#00:10:26.226#00:10:26.568
741	как	_	_	_	_	_	_	_	@pn1988m-words5#@pn1988m#00:10:26.568#00:10:26.910
742	хороший	_	_	_	_	_	_	_	@pn1988m-words5#@pn1988m#00:10:26.910#00:10:27.252
743	документалист	_	_	_	_	_	_	_	@pn1988m-words5#@pn1988m#00:10:27.252#00:10:27.594
744	не	_	_	_	_	_	_	_	@pn1988m-words5#@pn1988m#00:10:27.594#00:10:27.936
745	берет	_	_	_	_	_	_	_	@pn1988m-words5#@pn1988m#00:10:27.936#00:10:28.278
746	интервью	_	_	_	_	_	_	_	@pn1988m-words5#@pn1988m#00:10:28.278#00:10:28.620
747	ему	_	_	_	_	_	_	_	@pn1988m-words5#@pn1988m#00:10:28.620#00:10:28.962
748	важно	_	_	_	_	_	_	_	@pn1988m-words5#@pn1988m#00:10:28.962#00:10:29.304
749	живой	_	_	_	_	_	_	_	@pn1988m-words5#@pn1988m#00:10:29.304#00:10:29.646
750	диалог	_	_	_	_	_	_	_	@pn1988m-words5#@pn1988m#00:10:29.646#00:10:29.988
751	записать	_	_	_	_	_	_	_	@pn1988m-words5#@pn1988m#00:10:29.988#00:10:30.330
752	поэтому	_	_	_	_	_	_	_	@pn1988m-words5#@pn1988m#00:10:30.330#00:10:30.672
753	он	_	_	_	_	_	_	_	@pn1988m-words5#@pn1988m#00:10:30.672#00:10:31.014
754	просит	_	_	_	_	_	_	_	@pn1988m-words5#@pn1988m#00:10:31.014#00:10:31.356
755	Лимонова	_	_	_	_	_	_	_	@pn1988m-words5#@pn1988m#00:10:31.356#00:10:31.698
756	взять	_	_	_	_	_	_	_	@pn1988m-words5#@pn1988m#00:10:31.698#00:10:32.040
757	интервью	_	_	_	_	_	_	_	@pn1988m-words5#@pn1988m#00:10:32.040#00:10:32.382
758	у	_	_	_	_	_	_	_	@pn1988m-words5#@pn1988m#00:10:32.382#00:10:32.724
759	Караджича	_	_	_	_	_	_	_	@pn1988m-words5#@pn1988m#00:10:32.724#00:10:33.102
760	но	_	_	_	_	_	_	_	@pn1988m-words6#@pn1988m#00:10:33.134#00:10:33.478
761	вот	_	_	_	_	_	_	_	@pn1988m-words6#@pn1988m#00:10:33.478#00:10:33.822
762	в	_	_	_	_	_	_	_	@pn1988m-words6#@pn1988m#00:10:33.822#00:10:34.166
763	этот	_	_	_	_	_	_	_	@pn1988m-words6#@pn1988m#00:10:34.166#00:10:34.510
764	моемент	_	_	_	_	_	_	_	@pn1988m-words6#@pn1988m#00:10:34.510#00:10:34.854
765	в	_	_	_	_	_	_	_	@pn1988m-words6#@pn1988m#00:10:34.854#00:10:35.198
766	моемент	_	_	_	_	_	_	_	@pn1988m-words6#@pn1988m#00:10:35.198#00:10:35.542
767	разговора	_	_	_	_	_	_	_	@pn1988m-words6#@pn1988m#00:10:35.542#00:10:35.886
768	Караджичу	_	_	_	_	_	_	_	@pn1988m-words6#@pn1988m#00:10:35.886#00:10:36.230
769	звонит	_	_	_	_	_	_	_	@pn1988m-words6#@pn1988m#00:10:36.230#00:10:36.574
770	жена	_	_	_	_	_	_	_	@pn1988m-words6#@pn1988m#00:10:36.574#00:10:36.918
771	и	_	_	_	_	_	_	_	@pn1988m-words6#@pn1988m#00:10:36.918#00:10:37.262
772	Караджич	_	_	_	_	_	_	_	@pn1988m-words6#@pn1988m#00:10:37.262#00:10:37.606
773	уходит	_	_	_	_	_	_	_	@pn1988m-words6#@pn1988m#00:10:37.606#00:10:37.950
774	говорить	_	_	_	_	_	_	_	@pn1988m-words6#@pn1988m#00:10:37.950#00:10:38.294
775	с	_	_	_	_	_	_	_	@pn1988m-words6#@pn1988m#00:10:38.294#00:10:38.638
776	женой	_	_	_	_	_	_	_	@pn1988m-words6#@pn1988m#00:10:38.638#00:10:38.982
777	/	_	_	_	_	_	_	_	@pn1988m-words6#@pn1988m#00:10:38.982#00:10:39.326
778	а	_	_	_	_	_	_	_	@pn1988m-words6#@pn1988m#00:10:39.326#00:10:39.670
779	Лимонову	_	_	_	_	_	_	_	@pn1988m-words6#@pn1988m#00:10:39.670#00:10:40.014
780	нечего	_	_	_	_	_	_	_	@pn1988m-words6#@pn1988m#00:10:40.014#00:10:40.358
781	делать	_	_	_	_	_	_	_	@pn1988m-words6#@pn1988m#00:10:40.358#00:10:40.702
782	/	_	_	_	_	_	_	_	@pn1988m-words6#@pn1988m#00:10:40.702#00:10:41.046
783	он	_	_	_	_	_	_	_	@pn1988m-words6#@pn1988m#00:10:41.046#00:10:41.390
784	в	_	_	_	_	_	_	_	@pn1988m-words6#@pn1988m#00:10:41.390#00:10:41.734
785	довольно	_	_	_	_	_	_	_	@pn1988m-words6#@pn1988m#00:10:41.734#00:10:42.078
786	/	_	_	_	_	_	_	_	@pn1988m-words6#@pn1988m#00:10:42.078#00:10:42.422
787	в	_	_	_	_	_	_	_	@pn1988m-words6#@pn1988m#00:10:42.422#00:10:42.766
788	глупой	_	_	_	_	_	_	_	@pn1988m-words6#@pn1988m#00:10:42.766#00:10:43.110
789	ситуации	_	_	_	_	_	_	_	@pn1988m-words6#@pn1988m#00:10:43.110#00:10:43.454
790	у	_	_	_	_	_	_	_	@pn1988m-words6#@pn1988m#00:10:43.454#00:10:43.798
791	него	_	_	_	_	_	_	_	@pn1988m-words6#@pn1988m#00:10:43.798#00:10:44.142
792	микрофон	_	_	_	_	_	_	_	@pn1988m-words6#@pn1988m#00:10:44.142#00:10:44.486
793	его	_	_	_	_	_	_	_	@pn1988m-words6#@pn1988m#00:10:44.486#00:10:44.830
794	снимают	_	_	_	_	_	_	_	@pn1988m-words6#@pn1988m#00:10:44.830#00:10:45.174
795	и	_	_	_	_	_	_	_	@pn1988m-words6#@pn1988m#00:10:45.174#00:10:45.518
796	он	_	_	_	_	_	_	_	@pn1988m-words6#@pn1988m#00:10:45.518#00:10:45.862
797	понимает	_	_	_	_	_	_	_	@pn1988m-words6#@pn1988m#00:10:45.862#00:10:46.206
798	что	_	_	_	_	_	_	_	@pn1988m-words6#@pn1988m#00:10:46.206#00:10:46.550
799	надо	_	_	_	_	_	_	_	@pn1988m-words6#@pn1988m#00:10:46.550#00:10:46.894
800	куда-то	_	_	_	_	_	_	_	@pn1988m-words6#@pn1988m#00:10:46.894#00:10:47.238
801	отправить	_	_	_	_	_	_	_	@pn1988m-words6#@pn1988m#00:10:47.238#00:10:47.582
802	диалог	_	_	_	_	_	_	_	@pn1988m-words6#@pn1988m#00:10:47.582#00:10:47.926
803	и	_	_	_	_	_	_	_	@pn1988m-words6#@pn1988m#00:10:47.926#00:10:48.270
804	тут	_	_	_	_	_	_	_	@pn1988m-words6#@pn1988m#00:10:48.270#00:10:48.614
805	какой-то	_	_	_	_	_	_	_	@pn1988m-words6#@pn1988m#00:10:48.614#00:10:48.958
806	серб	_	_	_	_	_	_	_	@pn1988m-words6#@pn1988m#00:10:48.958#00:10:49.302
807	узнав	_	_	_	_	_	_	_	@pn1988m-words6#@pn1988m#00:10:49.302#00:10:49.646
808	в	_	_	_	_	_	_	_	@pn1988m-words6#@pn1988m#00:10:49.646#00:10:49.990
809	Лимонове	_	_	_	_	_	_	_	@pn1988m-words6#@pn1988m#00:10:49.990#00:10:50.334
810	либо	_	_	_	_	_	_	_	@pn1988m-words6#@pn1988m#00:10:50.334#00:10:50.678
811	Лимонова	_	_	_	_	_	_	_	@pn1988m-words6#@pn1988m#00:10:50.678#00:10:51.022
812	либо	_	_	_	_	_	_	_	@pn1988m-words6#@pn1988m#00:10:51.022#00:10:51.366
813	какую-то	_	_	_	_	_	_	_	@pn1988m-words6#@pn1988m#00:10:51.366#00:10:51.710
814	родственную	_	_	_	_	_	_	_	@pn1988m-words6#@pn1988m#00:10:51.710#00:10:52.054
815	душу	_	_	_	_	_	_	_	@pn1988m-words6#@pn1988m#00:10:52.054#00:10:52.398
816	русских	_	_	_	_	_	_	_	@pn1988m-words6#@pn1988m#00:10:52.398#00:10:52.742
817	очень	_	_	_	_	_	_	_	@pn1988m-words6#@pn1988m#00:10:52.742#00:10:53.086
818	любили	_	_	_	_	_	_	_	@pn1988m-words6#@pn1988m#00:10:53.086#00:10:53.430
819	на	_	_	_	_	_	_	_	@pn1988m-words6#@pn1988m#00:10:53.430#00:10:53.774
820	этой	_	_	_	_	_	_	_	@pn1988m-words6#@pn1988m#00:10:53.774#00:10:54.118
821	войне	_	_	_	_	_	_	_	@pn1988m-words6#@pn1988m#00:10:54.118#00:10:54.462
822	/	_	_	_	_	_	_	_	@pn1988m-words6#@pn1988m#00:10:54.462#00:10:54.806
823	он	_	_	_	_	_	_	_	@pn1988m-words6#@pn1988m#00:10:54.806#00:10:55.150
824	говорит	_	_	_	_	_	_	_	@pn1988m-words6#@pn1988m#00:10:55.150#00:10:55.494
825	'а	_	_	_	_	_	_	_	@pn1988m-words6#@pn1988m#00:10:55.494#00:10:55.838
826	не	_	_	_	_	_	_	_	@pn1988m-words6#@pn1988m#00:10:55.838#00:10:56.182
827	хотите	_	_	_	_	_	_	_	@pn1988m-words6#@pn1988m#00:10:56.182#00:10:56.526
828	пострелять	_	_	_	_	_	_	_	@pn1988m-words6#@pn1988m#00:10:56.526#00:10:56.870
829	из	_	_	_	_	_	_	_	@pn1988m-words6#@pn1988m#00:10:56.870#00:10:57.214
830	пулемета?'	_	_	_	_	_	_	_	@pn1988m-words6#@pn1988m#00:10:57.214#00:10:57.558
831	/	_	_	_	_	_	_	_	@pn1988m-words6#@pn1988m#00:10:57.558#00:10:57.902
832	вот	_	_	_	_	_	_	_	@pn1988m-words6#@pn1988m#00:10:57.902#00:10:58.246
833	так	_	_	_	_	_	_	_	@pn1988m-words6#@pn1988m#00:10:58.246#00:10:58.590
834	появляются	_	_	_	_	_	_	_	@pn1988m-words6#@pn1988m#00:10:58.590#00:10:58.934
835	эти	_	_	_	_	_	_	_	@pn1988m-words6#@pn1988m#00:10:58.934#00:10:59.278
836	кадры	_	_	_	_	_	_	_	@pn1988m-words6#@pn1988m#00:10:59.278#00:10:59.622
837	/	_	_	_	_	_	_	_	@pn1988m-words6#@pn1988m#00:10:59.622#00:10:59.966
838	вот	_	_	_	_	_	_	_	@pn1988m-words6#@pn1988m#00:10:59.966#00:11:00.310
839	Павликовский	_	_	_	_	_	_	_	@pn1988m-words6#@pn1988m#00:11:00.310#00:11:00.654
840	собирается	_	_	_	_	_	_	_	@pn1988m-words6#@pn1988m#00:11:00.654#00:11:00.998
841	сейчас	_	_	_	_	_	_	_	@pn1988m-words6#@pn1988m#00:11:00.998#00:11:01.342
842	экранизовать	_	_	_	_	_	_	_	@pn1988m-words6#@pn1988m#00:11:01.342#00:11:01.686
843	экранизировать	_	_	_	_	_	_	_	@pn1988m-words6#@pn1988m#00:11:01.686#00:11:02.030
844	роман	_	_	_	_	_	_	_	@pn1988m-words6#@pn1988m#00:11:02.030#00:11:02.374
845	Карерры	_	_	_	_	_	_	_	@pn1988m-words6#@pn1988m#00:11:02.374#00:11:02.718
846	Лимонов	_	_	_	_	_	_	_	@pn1988m-words6#@pn1988m#00:11:02.718#00:11:03.111
847	то	_	_	_	_	_	_	_	@pn1988m-words7#@pn1988m#00:11:03.055#00:11:03.505
848	есть	_	_	_	_	_	_	_	@pn1988m-words7#@pn1988m#00:11:03.505#00:11:03.955
849	вы	_	_	_	_	_	_	_	@pn1988m-words7#@pn1988m#00:11:03.955#00:11:04.405
850	понимаете	_	_	_	_	_	_	_	@pn1988m-words7#@pn1988m#00:11:04.405#00:11:04.855
851	какой	_	_	_	_	_	_	_	@pn1988m-words7#@pn1988m#00:11:04.855#00:11:05.305
852	это	_	_	_	_	_	_	_	@pn1988m-words7#@pn1988m#00:11:05.305#00:11:05.755
853	/	_	_	_	_	_	_	_	@pn1988m-words7#@pn1988m#00:11:05.755#00:11:06.205
854	это	_	_	_	_	_	_	_	@pn1988m-words7#@pn1988m#00:11:06.205#00:11:06.655
855	не	_	_	_	_	_	_	_	@pn1988m-words7#@pn1988m#00:11:06.655#00:11:07.105
856	кроссовер	_	_	_	_	_	_	_	@pn1988m-words7#@pn1988m#00:11:07.105#00:11:07.555
857	это	_	_	_	_	_	_	_	@pn1988m-words7#@pn1988m#00:11:07.555#00:11:08.005
858	кроссовер	_	_	_	_	_	_	_	@pn1988m-words7#@pn1988m#00:11:08.005#00:11:08.455
859	в	_	_	_	_	_	_	_	@pn1988m-words7#@pn1988m#00:11:08.455#00:11:08.905
860	кроссовере	_	_	_	_	_	_	_	@pn1988m-words7#@pn1988m#00:11:08.905#00:11:09.355
861	это	_	_	_	_	_	_	_	@pn1988m-words7#@pn1988m#00:11:09.355#00:11:09.805
862	очень	_	_	_	_	_	_	_	@pn1988m-words7#@pn1988m#00:11:09.805#00:11:10.255
863	вот	_	_	_	_	_	_	_	@pn1988m-words7#@pn1988m#00:11:10.255#00:11:10.705
864	интересно	_	_	_	_	_	_	_	@pn1988m-words7#@pn1988m#00:11:10.705#00:11:11.155
865	/	_	_	_	_	_	_	_	@pn1988m-words7#@pn1988m#00:11:11.155#00:11:11.605
866	значит	_	_	_	_	_	_	_	@pn1988m-words7#@pn1988m#00:11:11.605#00:11:12.055
867	/	_	_	_	_	_	_	_	@pn1988m-words7#@pn1988m#00:11:12.055#00:11:12.505
868	эээ	_	_	_	_	_	_	_	@pn1988m-words7#@pn1988m#00:11:12.505#00:11:12.955
869	кроме	_	_	_	_	_	_	_	@pn1988m-words7#@pn1988m#00:11:12.955#00:11:13.405
870	Югославии	_	_	_	_	_	_	_	@pn1988m-words7#@pn1988m#00:11:13.405#00:11:13.855
871	случается	_	_	_	_	_	_	_	@pn1988m-words7#@pn1988m#00:11:13.855#00:11:14.305
872	еще	_	_	_	_	_	_	_	@pn1988m-words7#@pn1988m#00:11:14.305#00:11:14.755
873	ааа	_	_	_	_	_	_	_	@pn1988m-words7#@pn1988m#00:11:14.755#00:11:15.205
874	/	_	_	_	_	_	_	_	@pn1988m-words7#@pn1988m#00:11:15.205#00:11:15.655
875	Грузино-абхазский	_	_	_	_	_	_	_	@pn1988m-words7#@pn1988m#00:11:15.655#00:11:16.105
876	конфликт	_	_	_	_	_	_	_	@pn1988m-words7#@pn1988m#00:11:16.105#00:11:16.555
877	/	_	_	_	_	_	_	_	@pn1988m-words7#@pn1988m#00:11:16.555#00:11:17.005
878	Предднестровский	_	_	_	_	_	_	_	@pn1988m-words7#@pn1988m#00:11:17.005#00:11:17.455
879	конфликт	_	_	_	_	_	_	_	@pn1988m-words7#@pn1988m#00:11:17.455#00:11:17.905
880	иии	_	_	_	_	_	_	_	@pn1988m-words7#@pn1988m#00:11:17.905#00:11:18.361
881	то	_	_	_	_	_	_	_	@pn1988m-words8#@pn1988m#00:11:18.388#00:11:18.744
882	есть	_	_	_	_	_	_	_	@pn1988m-words8#@pn1988m#00:11:18.744#00:11:19.100
883	/	_	_	_	_	_	_	_	@pn1988m-words8#@pn1988m#00:11:19.100#00:11:19.456
884	Лимонову	_	_	_	_	_	_	_	@pn1988m-words8#@pn1988m#00:11:19.456#00:11:19.812
885	становится	_	_	_	_	_	_	_	@pn1988m-words8#@pn1988m#00:11:19.812#00:11:20.168
886	просто	_	_	_	_	_	_	_	@pn1988m-words8#@pn1988m#00:11:20.168#00:11:20.524
887	очевидно	_	_	_	_	_	_	_	@pn1988m-words8#@pn1988m#00:11:20.524#00:11:20.880
888	что	_	_	_	_	_	_	_	@pn1988m-words8#@pn1988m#00:11:20.880#00:11:21.236
889	вообще	_	_	_	_	_	_	_	@pn1988m-words8#@pn1988m#00:11:21.236#00:11:21.592
890	произойдет	_	_	_	_	_	_	_	@pn1988m-words8#@pn1988m#00:11:21.592#00:11:21.948
891	со	_	_	_	_	_	_	_	@pn1988m-words8#@pn1988m#00:11:21.948#00:11:22.304
892	страной	_	_	_	_	_	_	_	@pn1988m-words8#@pn1988m#00:11:22.304#00:11:22.660
893	/	_	_	_	_	_	_	_	@pn1988m-words8#@pn1988m#00:11:22.660#00:11:23.016
894	если	_	_	_	_	_	_	_	@pn1988m-words8#@pn1988m#00:11:23.016#00:11:23.372
895	вот	_	_	_	_	_	_	_	@pn1988m-words8#@pn1988m#00:11:23.372#00:11:23.728
896	это	_	_	_	_	_	_	_	@pn1988m-words8#@pn1988m#00:11:23.728#00:11:24.084
897	развал	_	_	_	_	_	_	_	@pn1988m-words8#@pn1988m#00:11:24.084#00:11:24.440
898	продолжится	_	_	_	_	_	_	_	@pn1988m-words8#@pn1988m#00:11:24.440#00:11:24.796
899	да	_	_	_	_	_	_	_	@pn1988m-words8#@pn1988m#00:11:24.796#00:11:25.152
900	это	_	_	_	_	_	_	_	@pn1988m-words8#@pn1988m#00:11:25.152#00:11:25.508
901	не	_	_	_	_	_	_	_	@pn1988m-words8#@pn1988m#00:11:25.508#00:11:25.864
902	будет	_	_	_	_	_	_	_	@pn1988m-words8#@pn1988m#00:11:25.864#00:11:26.220
903	просто	_	_	_	_	_	_	_	@pn1988m-words8#@pn1988m#00:11:26.220#00:11:26.576
904	мирный	_	_	_	_	_	_	_	@pn1988m-words8#@pn1988m#00:11:26.576#00:11:26.932
905	какой-то	_	_	_	_	_	_	_	@pn1988m-words8#@pn1988m#00:11:26.932#00:11:27.288
906	развод	_	_	_	_	_	_	_	@pn1988m-words8#@pn1988m#00:11:27.288#00:11:27.644
907	республик	_	_	_	_	_	_	_	@pn1988m-words8#@pn1988m#00:11:27.644#00:11:28.000
908	да	_	_	_	_	_	_	_	@pn1988m-words8#@pn1988m#00:11:28.000#00:11:28.356
909	/	_	_	_	_	_	_	_	@pn1988m-words8#@pn1988m#00:11:28.356#00:11:28.712
910	то	_	_	_	_	_	_	_	@pn1988m-words8#@pn1988m#00:11:28.712#00:11:29.068
911	есть	_	_	_	_	_	_	_	@pn1988m-words8#@pn1988m#00:11:29.068#00:11:29.424
912	везде	_	_	_	_	_	_	_	@pn1988m-words8#@pn1988m#00:11:29.424#00:11:29.780
913	будут	_	_	_	_	_	_	_	@pn1988m-words8#@pn1988m#00:11:29.780#00:11:30.136
914	гражданские	_	_	_	_	_	_	_	@pn1988m-words8#@pn1988m#00:11:30.136#00:11:30.492
915	войны	_	_	_	_	_	_	_	@pn1988m-words8#@pn1988m#00:11:30.492#00:11:30.848
916	/	_	_	_	_	_	_	_	@pn1988m-words8#@pn1988m#00:11:30.848#00:11:31.204
917	он	_	_	_	_	_	_	_	@pn1988m-words8#@pn1988m#00:11:31.204#00:11:31.560
918	даже	_	_	_	_	_	_	_	@pn1988m-words8#@pn1988m#00:11:31.560#00:11:31.916
919	пишет	_	_	_	_	_	_	_	@pn1988m-words8#@pn1988m#00:11:31.916#00:11:32.272
920	в	_	_	_	_	_	_	_	@pn1988m-words8#@pn1988m#00:11:32.272#00:11:32.628
921	одном	_	_	_	_	_	_	_	@pn1988m-words8#@pn1988m#00:11:32.628#00:11:32.984
922	из	_	_	_	_	_	_	_	@pn1988m-words8#@pn1988m#00:11:32.984#00:11:33.340
923	своих	_	_	_	_	_	_	_	@pn1988m-words8#@pn1988m#00:11:33.340#00:11:33.696
924	эссе	_	_	_	_	_	_	_	@pn1988m-words8#@pn1988m#00:11:33.696#00:11:34.052
925	что	_	_	_	_	_	_	_	@pn1988m-words8#@pn1988m#00:11:34.052#00:11:34.408
926	национализмы	_	_	_	_	_	_	_	@pn1988m-words8#@pn1988m#00:11:34.408#00:11:34.764
927	национализмы	_	_	_	_	_	_	_	@pn1988m-words8#@pn1988m#00:11:34.764#00:11:35.120
928	малых	_	_	_	_	_	_	_	@pn1988m-words8#@pn1988m#00:11:35.120#00:11:35.476
929	народов	_	_	_	_	_	_	_	@pn1988m-words8#@pn1988m#00:11:35.476#00:11:35.832
930	с	_	_	_	_	_	_	_	@pn1988m-words8#@pn1988m#00:11:35.832#00:11:36.188
931	его	_	_	_	_	_	_	_	@pn1988m-words8#@pn1988m#00:11:36.188#00:11:36.544
932	точки	_	_	_	_	_	_	_	@pn1988m-words8#@pn1988m#00:11:36.544#00:11:36.900
933	зрения	_	_	_	_	_	_	_	@pn1988m-words8#@pn1988m#00:11:36.900#00:11:37.256
934	это	_	_	_	_	_	_	_	@pn1988m-words8#@pn1988m#00:11:37.256#00:11:37.612
935	самое	_	_	_	_	_	_	_	@pn1988m-words8#@pn1988m#00:11:37.612#00:11:37.968
936	страшное	_	_	_	_	_	_	_	@pn1988m-words8#@pn1988m#00:11:37.968#00:11:38.324
937	что	_	_	_	_	_	_	_	@pn1988m-words8#@pn1988m#00:11:38.324#00:11:38.680
938	может	_	_	_	_	_	_	_	@pn1988m-words8#@pn1988m#00:11:38.680#00:11:39.036
939	произойти	_	_	_	_	_	_	_	@pn1988m-words8#@pn1988m#00:11:39.036#00:11:39.392
940	/	_	_	_	_	_	_	_	@pn1988m-words8#@pn1988m#00:11:39.392#00:11:39.748
941	потму	_	_	_	_	_	_	_	@pn1988m-words8#@pn1988m#00:11:39.748#00:11:40.104
942	что	_	_	_	_	_	_	_	@pn1988m-words8#@pn1988m#00:11:40.104#00:11:40.460
943	они	_	_	_	_	_	_	_	@pn1988m-words8#@pn1988m#00:11:40.460#00:11:40.816
944	несут	_	_	_	_	_	_	_	@pn1988m-words8#@pn1988m#00:11:40.816#00:11:41.172
945	кровь	_	_	_	_	_	_	_	@pn1988m-words8#@pn1988m#00:11:41.172#00:11:41.528
946	разруху	_	_	_	_	_	_	_	@pn1988m-words8#@pn1988m#00:11:41.528#00:11:41.884
947	войну	_	_	_	_	_	_	_	@pn1988m-words8#@pn1988m#00:11:41.884#00:11:42.240
948	и	_	_	_	_	_	_	_	@pn1988m-words8#@pn1988m#00:11:42.240#00:11:42.596
949	от	_	_	_	_	_	_	_	@pn1988m-words8#@pn1988m#00:11:42.596#00:11:42.952
950	это	_	_	_	_	_	_	_	@pn1988m-words8#@pn1988m#00:11:42.952#00:11:43.308
951	так	_	_	_	_	_	_	_	@pn1988m-words8#@pn1988m#00:11:43.308#00:11:43.664
952	иначе	_	_	_	_	_	_	_	@pn1988m-words8#@pn1988m#00:11:43.664#00:11:44.020
953	проговаривает	_	_	_	_	_	_	_	@pn1988m-words8#@pn1988m#00:11:44.020#00:11:44.376
954	/	_	_	_	_	_	_	_	@pn1988m-words8#@pn1988m#00:11:44.376#00:11:44.732
955	и	_	_	_	_	_	_	_	@pn1988m-words8#@pn1988m#00:11:44.732#00:11:45.088
956	он	_	_	_	_	_	_	_	@pn1988m-words8#@pn1988m#00:11:45.088#00:11:45.444
957	начинает	_	_	_	_	_	_	_	@pn1988m-words8#@pn1988m#00:11:45.444#00:11:45.800
958	пытаться	_	_	_	_	_	_	_	@pn1988m-words8#@pn1988m#00:11:45.800#00:11:46.156
959	заниматься	_	_	_	_	_	_	_	@pn1988m-words8#@pn1988m#00:11:46.156#00:11:46.512
960	политикой	_	_	_	_	_	_	_	@pn1988m-words8#@pn1988m#00:11:46.512#00:11:46.868
961	/	_	_	_	_	_	_	_	@pn1988m-words8#@pn1988m#00:11:46.868#00:11:47.224
962	у	_	_	_	_	_	_	_	@pn1988m-words8#@pn1988m#00:11:47.224#00:11:47.580
963	него	_	_	_	_	_	_	_	@pn1988m-words8#@pn1988m#00:11:47.580#00:11:47.936
964	не	_	_	_	_	_	_	_	@pn1988m-words8#@pn1988m#00:11:47.936#00:11:48.292
965	все	_	_	_	_	_	_	_	@pn1988m-words8#@pn1988m#00:11:48.292#00:11:48.648
966	получается	_	_	_	_	_	_	_	@pn1988m-words8#@pn1988m#00:11:48.648#00:11:49.004
967	/	_	_	_	_	_	_	_	@pn1988m-words8#@pn1988m#00:11:49.004#00:11:49.360
968	в	_	_	_	_	_	_	_	@pn1988m-words8#@pn1988m#00:11:49.360#00:11:49.716
969	девяносто	_	_	_	_	_	_	_	@pn1988m-words8#@pn1988m#00:11:49.716#00:11:50.072
970	третьем	_	_	_	_	_	_	_	@pn1988m-words8#@pn1988m#00:11:50.072#00:11:50.428
971	он	_	_	_	_	_	_	_	@pn1988m-words8#@pn1988m#00:11:50.428#00:11:50.784
972	конечно	_	_	_	_	_	_	_	@pn1988m-words8#@pn1988m#00:11:50.784#00:11:51.140
973	активно	_	_	_	_	_	_	_	@pn1988m-words8#@pn1988m#00:11:51.140#00:11:51.496
974	э	_	_	_	_	_	_	_	@pn1988m-words8#@pn1988m#00:11:51.496#00:11:51.852
975	/	_	_	_	_	_	_	_	@pn1988m-words8#@pn1988m#00:11:51.852#00:11:52.208
976	участвует	_	_	_	_	_	_	_	@pn1988m-words8#@pn1988m#00:11:52.208#00:11:52.564
977	в	_	_	_	_	_	_	_	@pn1988m-words8#@pn1988m#00:11:52.564#00:11:52.920
978	событиях	_	_	_	_	_	_	_	@pn1988m-words8#@pn1988m#00:11:52.920#00:11:53.276
979	/	_	_	_	_	_	_	_	@pn1988m-words8#@pn1988m#00:11:53.276#00:11:53.632
980	э	_	_	_	_	_	_	_	@pn1988m-words8#@pn1988m#00:11:53.632#00:11:53.988
981	у	_	_	_	_	_	_	_	@pn1988m-words8#@pn1988m#00:11:53.988#00:11:54.344
982	Верховного	_	_	_	_	_	_	_	@pn1988m-words8#@pn1988m#00:11:54.344#00:11:54.700
983	совета	_	_	_	_	_	_	_	@pn1988m-words8#@pn1988m#00:11:54.700#00:11:55.056
984	/	_	_	_	_	_	_	_	@pn1988m-words8#@pn1988m#00:11:55.056#00:11:55.412
985	туда	_	_	_	_	_	_	_	@pn1988m-words8#@pn1988m#00:11:55.412#00:11:55.768
986	ходит	_	_	_	_	_	_	_	@pn1988m-words8#@pn1988m#00:11:55.768#00:11:56.124
987	он	_	_	_	_	_	_	_	@pn1988m-words8#@pn1988m#00:11:56.124#00:11:56.480
988	живвет	_	_	_	_	_	_	_	@pn1988m-words8#@pn1988m#00:11:56.480#00:11:56.836
989	тогда	_	_	_	_	_	_	_	@pn1988m-words8#@pn1988m#00:11:56.836#00:11:57.192
990	на	_	_	_	_	_	_	_	@pn1988m-words8#@pn1988m#00:11:57.192#00:11:57.548
991	Арбате	_	_	_	_	_	_	_	@pn1988m-words8#@pn1988m#00:11:57.548#00:11:57.904
992	/	_	_	_	_	_	_	_	@pn1988m-words8#@pn1988m#00:11:57.904#00:11:58.260
993	в	_	_	_	_	_	_	_	@pn1988m-words8#@pn1988m#00:11:58.260#00:11:58.616
994	квартире	_	_	_	_	_	_	_	@pn1988m-words8#@pn1988m#00:11:58.616#00:11:58.972
995	у	_	_	_	_	_	_	_	@pn1988m-words8#@pn1988m#00:11:58.972#00:11:59.328
996	своего	_	_	_	_	_	_	_	@pn1988m-words8#@pn1988m#00:11:59.328#00:11:59.684
997	не	_	_	_	_	_	_	_	@pn1988m-words8#@pn1988m#00:11:59.684#00:12:00.040
998	на	_	_	_	_	_	_	_	@pn1988m-words8#@pn1988m#00:12:00.040#00:12:00.396
999	долгий	_	_	_	_	_	_	_	@pn1988m-words8#@pn1988m#00:12:00.396#00:12:00.752
1000	момент	_	_	_	_	_	_	_	@pn1988m-words8#@pn1988m#00:12:00.752#00:12:01.108
1001	соратника	_	_	_	_	_	_	_	@pn1988m-words8#@pn1988m#00:12:01.108#00:12:01.464
1002	/	_	_	_	_	_	_	_	@pn1988m-words8#@pn1988m#00:12:01.464#00:12:01.820
1003	Ярослава	_	_	_	_	_	_	_	@pn1988m-words8#@pn1988m#00:12:01.820#00:12:02.176
1004	Могутина	_	_	_	_	_	_	_	@pn1988m-words8#@pn1988m#00:12:02.176#00:12:02.532
1005	/	_	_	_	_	_	_	_	@pn1988m-words8#@pn1988m#00:12:02.532#00:12:02.888
1006	то	_	_	_	_	_	_	_	@pn1988m-words8#@pn1988m#00:12:02.888#00:12:03.244
1007	есть	_	_	_	_	_	_	_	@pn1988m-words8#@pn1988m#00:12:03.244#00:12:03.600
1008	сам	_	_	_	_	_	_	_	@pn1988m-words8#@pn1988m#00:12:03.600#00:12:03.956
1009	Могутин	_	_	_	_	_	_	_	@pn1988m-words8#@pn1988m#00:12:03.956#00:12:04.312
1010	сейчас	_	_	_	_	_	_	_	@pn1988m-words8#@pn1988m#00:12:04.312#00:12:04.668
1011	замечательный	_	_	_	_	_	_	_	@pn1988m-words8#@pn1988m#00:12:04.668#00:12:05.024
1012	американский	_	_	_	_	_	_	_	@pn1988m-words8#@pn1988m#00:12:05.024#00:12:05.380
1013	квир-художник	_	_	_	_	_	_	_	@pn1988m-words8#@pn1988m#00:12:05.380#00:12:05.736
1014	/	_	_	_	_	_	_	_	@pn1988m-words8#@pn1988m#00:12:05.736#00:12:06.092
1015	и	_	_	_	_	_	_	_	@pn1988m-words8#@pn1988m#00:12:06.092#00:12:06.448
1016	очень	_	_	_	_	_	_	_	@pn1988m-words8#@pn1988m#00:12:06.448#00:12:06.804
1017	хороший	_	_	_	_	_	_	_	@pn1988m-words8#@pn1988m#00:12:06.804#00:12:07.160
1018	русский	_	_	_	_	_	_	_	@pn1988m-words8#@pn1988m#00:12:07.160#00:12:07.516
1019	поэт	_	_	_	_	_	_	_	@pn1988m-words8#@pn1988m#00:12:07.516#00:12:07.872
1020	прям	_	_	_	_	_	_	_	@pn1988m-words8#@pn1988m#00:12:07.872#00:12:08.228
1021	очень	_	_	_	_	_	_	_	@pn1988m-words8#@pn1988m#00:12:08.228#00:12:08.584
1022	хороший	_	_	_	_	_	_	_	@pn1988m-words8#@pn1988m#00:12:08.584#00:12:08.940
1023	/	_	_	_	_	_	_	_	@pn1988m-words8#@pn1988m#00:12:08.940#00:12:09.296
1024	я	_	_	_	_	_	_	_	@pn1988m-words8#@pn1988m#00:12:09.296#00:12:09.652
1025	советую	_	_	_	_	_	_	_	@pn1988m-words8#@pn1988m#00:12:09.652#00:12:10.008
1026	почитать	_	_	_	_	_	_	_	@pn1988m-words8#@pn1988m#00:12:10.008#00:12:10.364
1027	у	_	_	_	_	_	_	_	@pn1988m-words8#@pn1988m#00:12:10.364#00:12:10.720
1028	него	_	_	_	_	_	_	_	@pn1988m-words8#@pn1988m#00:12:10.720#00:12:11.076
1029	есть	_	_	_	_	_	_	_	@pn1988m-words8#@pn1988m#00:12:11.076#00:12:11.432
1030	два	_	_	_	_	_	_	_	@pn1988m-words8#@pn1988m#00:12:11.432#00:12:11.788
1031	великих	_	_	_	_	_	_	_	@pn1988m-words8#@pn1988m#00:12:11.788#00:12:12.144
1032	стихотворения	_	_	_	_	_	_	_	@pn1988m-words8#@pn1988m#00:12:12.144#00:12:12.500
1033	/	_	_	_	_	_	_	_	@pn1988m-words8#@pn1988m#00:12:12.500#00:12:12.856
1034	одно	_	_	_	_	_	_	_	@pn1988m-words8#@pn1988m#00:12:12.856#00:12:13.212
1035	называется	_	_	_	_	_	_	_	@pn1988m-words8#@pn1988m#00:12:13.212#00:12:13.568
1036	свастика	_	_	_	_	_	_	_	@pn1988m-words8#@pn1988m#00:12:13.568#00:12:13.924
1037	другое	_	_	_	_	_	_	_	@pn1988m-words8#@pn1988m#00:12:13.924#00:12:14.280
1038	называется	_	_	_	_	_	_	_	@pn1988m-words8#@pn1988m#00:12:14.280#00:12:14.636
1039	моя	_	_	_	_	_	_	_	@pn1988m-words8#@pn1988m#00:12:14.636#00:12:14.992
1040	жизнь	_	_	_	_	_	_	_	@pn1988m-words8#@pn1988m#00:12:14.992#00:12:15.348
1041	моя	_	_	_	_	_	_	_	@pn1988m-words8#@pn1988m#00:12:15.348#00:12:15.704
1042	борьба	_	_	_	_	_	_	_	@pn1988m-words8#@pn1988m#00:12:15.704#00:12:16.060
1043	/	_	_	_	_	_	_	_	@pn1988m-words8#@pn1988m#00:12:16.060#00:12:16.510
